stage,condition,metric,n_seeds,mean,std
patchmnist,A,test_mse,3,0.03631794733802478,0.00012121897464050393
patchmnist,A,test_ssim,3,0.7029476444456313,0.001320210358739333
patchmnist,A,best_val_mse,3,0.03602135017514229,0.00016262511971017196
patchmnist,A,best_train_mse,3,0.036099820087353386,0.000589290527329118
patchmnist,A,min_train_mse,3,0.03549334779381752,7.302843141670091e-05
patchmnist,A,final_train_mse,3,0.0359742609096898,0.0001432873490614113
patchmnist,B,test_mse,3,0.008226959571242334,0.002089767127893659
patchmnist,B,test_ssim,3,0.9226715024312337,0.017801008698925883
patchmnist,B,best_val_mse,3,0.008114258344802592,0.002062367008694803
patchmnist,B,best_train_mse,3,0.008102481563886007,0.0018197801774264856
patchmnist,B,min_train_mse,3,0.008072241054226955,0.0018614434159540468
patchmnist,B,final_train_mse,3,0.008138555235332913,0.0020338477074210264
patchmnist,C,test_mse,3,0.00680448245174355,4.6078150942683254e-05
patchmnist,C,test_ssim,3,0.9367124449412028,0.0012548131216887678
patchmnist,C,best_val_mse,3,0.006717728220340278,2.0376155505901964e-05
patchmnist,C,best_train_mse,3,0.006335947973032792,1.2838228464488274e-05
patchmnist,C,min_train_mse,3,0.006323825878401597,8.233921077253301e-06
patchmnist,C,final_train_mse,3,0.006235597492092185,2.319023275853137e-05
patchmnist,D,test_mse,3,0.006282337066200044,5.9359456584293315e-05
patchmnist,D,test_ssim,3,0.9421708642641703,0.00016627439169422832
patchmnist,D,best_val_mse,3,0.006192920797401005,6.383665210033383e-05
patchmnist,D,best_train_mse,3,0.005774548122038444,7.724608116727399e-05
patchmnist,D,min_train_mse,3,0.005722128786146641,3.420171965803917e-05
patchmnist,D,final_train_mse,3,0.005658171097437541,5.49165376962448e-05
upsampling,s128_n600_transpose_conv,test_mse,3,0.03864953159292539,0.0005533824077713216
upsampling,s128_n600_transpose_conv,test_ssim,3,0.6926247403886583,0.005360700420252792
upsampling,s128_n600_transpose_conv,best_val_mse,3,0.03875857926739587,0.0005552358908746934
upsampling,s128_n600_transpose_conv,final_val_mse,3,0.03976145609219869,0.0011264655257160667
upsampling,s128_n600_locality_aware,test_mse,3,0.01667436288462745,0.00045967320388945037
upsampling,s128_n600_locality_aware,test_ssim,3,0.8447777735392252,0.004196349870812197
upsampling,s128_n600_locality_aware,best_val_mse,3,0.01656115161875884,0.00041680722774502634
upsampling,s128_n600_locality_aware,final_val_mse,3,0.016693477229939566,0.0005132507332636123
upsampling,s128_n3000_transpose_conv,test_mse,3,0.0364241795208719,0.0004808138805044547
upsampling,s128_n3000_transpose_conv,test_ssim,3,0.7020679026709663,0.0011197725051199773
upsampling,s128_n3000_transpose_conv,best_val_mse,3,0.03640103883875741,0.000472427473389442
upsampling,s128_n3000_transpose_conv,final_val_mse,3,0.03683610897594028,0.0006244688784564449
upsampling,s128_n3000_locality_aware,test_mse,3,0.011906992125842307,0.00030214747258492503
upsampling,s128_n3000_locality_aware,test_ssim,3,0.8855930716726516,0.003506763972079728
upsampling,s128_n3000_locality_aware,best_val_mse,3,0.011862045477661821,0.00021753854693487296
upsampling,s128_n3000_locality_aware,final_val_mse,3,0.011915863489111264,0.00022463536866504597
upsampling,s128_n6000_transpose_conv,test_mse,3,0.036378645141919456,0.0008022132604025836
upsampling,s128_n6000_transpose_conv,test_ssim,3,0.7018393262757195,0.005710339564393302
upsampling,s128_n6000_transpose_conv,best_val_mse,3,0.036420964734421836,0.0008541156590591817
upsampling,s128_n6000_transpose_conv,final_val_mse,3,0.036716182245148554,0.0013494326339050272
upsampling,s128_n6000_locality_aware,test_mse,3,0.011610197295745214,0.0002176177358918652
upsampling,s128_n6000_locality_aware,test_ssim,3,0.8868520971934001,0.0016407872966266702
upsampling,s128_n6000_locality_aware,best_val_mse,3,0.011624816507928902,0.00017815365829608394
upsampling,s128_n6000_locality_aware,final_val_mse,3,0.011726284268829558,8.21651700500449e-05
upsampling,s256_n600_transpose_conv,test_mse,3,0.03667710529764493,0.000229748822307363
upsampling,s256_n600_transpose_conv,test_ssim,3,0.7019448866844177,0.0008542640990641524
upsampling,s256_n600_transpose_conv,best_val_mse,3,0.03634236234426499,0.00023830686238018428
upsampling,s256_n600_transpose_conv,final_val_mse,3,0.036460001806418105,0.00014697303394146848
upsampling,s256_n600_locality_aware,test_mse,3,0.015811823923554687,0.0002580269139192541
upsampling,s256_n600_locality_aware,test_ssim,3,0.8508578057289123,0.003018172581360694
upsampling,s256_n600_locality_aware,best_val_mse,3,0.01576845594826672,0.0002493946070508596
upsampling,s256_n600_locality_aware,final_val_mse,3,0.01597281767262353,0.00029690862261537855
upsampling,s256_n3000_transpose_conv,test_mse,3,0.036357364280356304,0.00017298797925340592
upsampling,s256_n3000_transpose_conv,test_ssim,3,0.7040547745492723,0.0011600684181528587
upsampling,s256_n3000_transpose_conv,best_val_mse,3,0.03604401914609803,0.000123834551640635
upsampling,s256_n3000_transpose_conv,final_val_mse,3,0.03655844926502969,0.0008083327252145622
upsampling,s256_n3000_locality_aware,test_mse,3,0.011395297947029273,0.0002663863930112686
upsampling,s256_n3000_locality_aware,test_ssim,3,0.8886051014264424,0.0030257089824893826
upsampling,s256_n3000_locality_aware,best_val_mse,3,0.011352605123486783,0.00027198782747258336
upsampling,s256_n3000_locality_aware,final_val_mse,3,0.011372986936734783,0.0002845163372047265
upsampling,s256_n6000_transpose_conv,test_mse,3,0.03612021301852332,0.00018462780660417642
upsampling,s256_n6000_transpose_conv,test_ssim,3,0.704832535955641,0.0018117173515747919
upsampling,s256_n6000_transpose_conv,best_val_mse,3,0.035826593375868264,0.00021192173580425783
upsampling,s256_n6000_transpose_conv,final_val_mse,3,0.03680611853467094,0.0012161985591440853
upsampling,s256_n6000_locality_aware,test_mse,3,0.011030824340879918,0.0002608162813658198
upsampling,s256_n6000_locality_aware,test_ssim,3,0.8904514617390102,0.002366720870022595
upsampling,s256_n6000_locality_aware,best_val_mse,3,0.010993894615934955,0.00023645465541486077
upsampling,s256_n6000_locality_aware,final_val_mse,3,0.011247305556303926,6.249127913078193e-05
upsampling,s512_n600_transpose_conv,test_mse,3,0.035669090929958555,0.00017645037098682268
upsampling,s512_n600_transpose_conv,test_ssim,3,0.7057949728965759,0.0023513951024058937
upsampling,s512_n600_transpose_conv,best_val_mse,3,0.03533792172869046,0.00020428471566559495
upsampling,s512_n600_transpose_conv,final_val_mse,3,0.03536194677154223,0.0002297357768631065
upsampling,s512_n600_locality_aware,test_mse,3,0.015006823789742258,9.174072025436347e-05
upsampling,s512_n600_locality_aware,test_ssim,3,0.8567281653616163,0.0009804442502184718
upsampling,s512_n600_locality_aware,best_val_mse,3,0.014932940363056129,7.683774932756474e-05
upsampling,s512_n600_locality_aware,final_val_mse,3,0.014932940363056129,7.683774932756474e-05
upsampling,s512_n3000_transpose_conv,test_mse,3,0.0356871833966838,0.00017970818872242394
upsampling,s512_n3000_transpose_conv,test_ssim,3,0.7050461585786607,0.0017434110317233965
upsampling,s512_n3000_transpose_conv,best_val_mse,3,0.03533927655551169,0.00018590743101134006
upsampling,s512_n3000_transpose_conv,final_val_mse,3,0.036272731138600245,0.0010077539390529106
upsampling,s512_n3000_locality_aware,test_mse,3,0.011159582970870866,8.713864986591173e-05
upsampling,s512_n3000_locality_aware,test_ssim,3,0.8901209676530626,0.0020108296634738774
upsampling,s512_n3000_locality_aware,best_val_mse,3,0.011129951051539844,8.764260378184323e-05
upsampling,s512_n3000_locality_aware,final_val_mse,3,0.011226819681624572,8.81865182465119e-06
upsampling,s512_n6000_transpose_conv,test_mse,3,0.03544245343075858,4.0145060404816324e-05
upsampling,s512_n6000_transpose_conv,test_ssim,3,0.7071787876553006,0.0015016103514452525
upsampling,s512_n6000_transpose_conv,best_val_mse,3,0.03509223888648881,8.564512779716021e-05
upsampling,s512_n6000_transpose_conv,final_val_mse,3,0.03509431001875136,8.907783732072692e-05
upsampling,s512_n6000_locality_aware,test_mse,3,0.010799486899541483,0.000252793019381223
upsampling,s512_n6000_locality_aware,test_ssim,3,0.8937446302307976,0.0015862545634727442
upsampling,s512_n6000_locality_aware,best_val_mse,3,0.010752458105484645,0.000251820336093104
upsampling,s512_n6000_locality_aware,final_val_mse,3,0.011203078804744615,0.0009732541357213729
noise,k10_sigma0_random_fixed,test_mse,3,0.018949465130766233,0.00016075157709467128
noise,k10_sigma0_random_fixed,test_ssim,3,0.8253572738965352,0.001515509051683235
noise,k10_sigma0_random_fixed,best_val_mse,3,0.018816005842553246,0.00012747521190421926
noise,k10_sigma0_random_fixed,final_val_mse,3,0.018915763116545147,0.0002760019042432324
noise,k10_sigma0_learnable_frequency,test_mse,3,0.006339231427345011,3.867842834905107e-05
noise,k10_sigma0_learnable_frequency,test_ssim,3,0.934257759835985,0.0005180737155458246
noise,k10_sigma0_learnable_frequency,sharpened_test_mse,3,0.006326407097693947,2.6237149526827975e-05
noise,k10_sigma0_learnable_frequency,sharpened_test_ssim,3,0.9342922888331944,0.0005217908289456912
noise,k10_sigma0_learnable_frequency,thresholded_test_mse,3,0.006504553101542923,2.527037447549803e-05
noise,k10_sigma0_learnable_frequency,thresholded_test_ssim,3,0.9324350189103021,0.00046715956397198373
noise,k10_sigma0_learnable_frequency,best_val_mse,3,0.006321499445786079,4.479728003107842e-05
noise,k10_sigma2.7_random_fixed,test_mse,3,0.019639146394199794,0.00012740746925350707
noise,k10_sigma2.7_random_fixed,test_ssim,3,0.819751243326399,0.0015965338310555122
noise,k10_sigma2.7_random_fixed,best_val_mse,3,0.019533473948637643,0.0001375006435331531
noise,k10_sigma2.7_random_fixed,final_val_mse,3,0.019664837431576515,0.00032739638213077346
noise,k10_sigma2.7_learnable_frequency,test_mse,3,0.006620611778977844,6.873116150308592e-05
noise,k10_sigma2.7_learnable_frequency,test_ssim,3,0.9314488978385925,0.00048739669232746106
noise,k10_sigma2.7_learnable_frequency,sharpened_test_mse,3,0.006606904238462448,6.906943290250863e-05
noise,k10_sigma2.7_learnable_frequency,sharpened_test_ssim,3,0.9314795396592882,0.00042459644158073613
noise,k10_sigma2.7_learnable_frequency,thresholded_test_mse,3,0.006774846578223838,7.36657871349225e-05
noise,k10_sigma2.7_learnable_frequency,thresholded_test_ssim,3,0.9297789255777995,0.0004296066677851241
noise,k10_sigma2.7_learnable_frequency,best_val_mse,3,0.006592501055035327,8.723237063247371e-05
noise,k10_sigma2_random_fixed,test_mse,3,0.019299625103672346,0.00015507940304436597
noise,k10_sigma2_random_fixed,test_ssim,3,0.8224710206455654,0.0009349944266144226
noise,k10_sigma2_random_fixed,best_val_mse,3,0.019187311488721104,0.00017695179350453655
noise,k10_sigma2_random_fixed,final_val_mse,3,0.01929838190641668,0.0003590974956269439
noise,k10_sigma2_learnable_frequency,test_mse,3,0.006516189426183701,8.195595716914468e-05
noise,k10_sigma2_learnable_frequency,test_ssim,3,0.932562339729733,0.000990879352381057
noise,k10_sigma2_learnable_frequency,sharpened_test_mse,3,0.006502726570185688,8.627443025508202e-05
noise,k10_sigma2_learnable_frequency,sharpened_test_ssim,3,0.9325943352911208,0.0010555356418980697
noise,k10_sigma2_learnable_frequency,thresholded_test_mse,3,0.006663299795654085,8.192175935080277e-05
noise,k10_sigma2_learnable_frequency,thresholded_test_ssim,3,0.9309267917209202,0.0010553533715638894
noise,k10_sigma2_learnable_frequency,best_val_mse,3,0.006499794639647007,8.116244375384516e-05
noise,k10_sigma6_random_fixed,test_mse,3,0.021592591582073106,0.00013079578406773815
noise,k10_sigma6_random_fixed,test_ssim,3,0.8020908415052626,0.001092013231282689
noise,k10_sigma6_random_fixed,best_val_mse,3,0.02146871845755312,0.00016808180073087008
noise,k10_sigma6_random_fixed,final_val_mse,3,0.021493943389919067,0.00021102059355664244
noise,k10_sigma6_learnable_frequency,test_mse,3,0.007406051810830832,3.7933218265402575e-05
noise,k10_sigma6_learnable_frequency,test_ssim,3,0.9216444694730971,0.00047791483219937573
noise,k10_sigma6_learnable_frequency,sharpened_test_mse,3,0.0073905287397404516,4.318111325038419e-05
noise,k10_sigma6_learnable_frequency,sharpened_test_ssim,3,0.9217467561297946,0.0004936516054937661
noise,k10_sigma6_learnable_frequency,thresholded_test_mse,3,0.0075279680689175925,3.680874457078794e-05
noise,k10_sigma6_learnable_frequency,thresholded_test_ssim,3,0.920439988401201,0.0004370142028116167
noise,k10_sigma6_learnable_frequency,best_val_mse,3,0.0073819298052953345,5.736577454541923e-05
noise,k10000_sigma0_random_fixed,test_mse,3,0.00948950194567442,0.00022562083291393
noise,k10000_sigma0_random_fixed,test_ssim,3,0.9067400301297506,0.0022802469709891017
noise,k10000_sigma0_random_fixed,best_val_mse,3,0.009472340838776695,0.0002189380810529074
noise,k10000_sigma0_random_fixed,final_val_mse,3,0.009843431908223364,0.0008307081529129597
noise,k10000_sigma0_learnable_frequency,test_mse,3,0.0030064499674157964,8.521459699407669e-05
noise,k10000_sigma0_learnable_frequency,test_ssim,3,0.9697199330859714,0.001149183869550438
noise,k10000_sigma0_learnable_frequency,sharpened_test_mse,3,0.003045930411873592,8.079502629176689e-05
noise,k10000_sigma0_learnable_frequency,sharpened_test_ssim,3,0.969327560265859,0.0010778805599127458
noise,k10000_sigma0_learnable_frequency,thresholded_test_mse,3,0.004592275286300315,4.500941445794926e-05
noise,k10000_sigma0_learnable_frequency,thresholded_test_ssim,3,0.9526191713015238,0.0006781763755670188
noise,k10000_sigma0_learnable_frequency,best_val_mse,3,0.0030166941229254006,8.1795903293116e-05
noise,k10000_sigma2.7_random_fixed,test_mse,3,0.009380860928032133,0.00026001697995111755
noise,k10000_sigma2.7_random_fixed,test_ssim,3,0.9074512236383226,0.002908647265708261
noise,k10000_sigma2.7_random_fixed,best_val_mse,3,0.009354412664969763,0.00022150490374422746
noise,k10000_sigma2.7_random_fixed,final_val_mse,3,0.009452099916835625,0.0003787757505011661
noise,k10000_sigma2.7_learnable_frequency,test_mse,3,0.0030492464980731407,2.9502850163911777e-05
noise,k10000_sigma2.7_learnable_frequency,test_ssim,3,0.9694907736778259,0.00048515586352515814
noise,k10000_sigma2.7_learnable_frequency,sharpened_test_mse,3,0.003089852700423863,2.931291890388579e-05
noise,k10000_sigma2.7_learnable_frequency,sharpened_test_ssim,3,0.969087389310201,0.0005183617740607533
noise,k10000_sigma2.7_learnable_frequency,thresholded_test_mse,3,0.004634114093250699,9.333761858210197e-05
noise,k10000_sigma2.7_learnable_frequency,thresholded_test_ssim,3,0.9521479765574138,0.001460929238501199
noise,k10000_sigma2.7_learnable_frequency,best_val_mse,3,0.00309353899045123,5.091958757264446e-06
noise,k10000_sigma2_random_fixed,test_mse,3,0.009457982486320866,0.0002651234313622978
noise,k10000_sigma2_random_fixed,test_ssim,3,0.9067935397889879,0.003134131893178384
noise,k10000_sigma2_random_fixed,best_val_mse,3,0.009424799987011486,0.00023192053018271502
noise,k10000_sigma2_random_fixed,final_val_mse,3,0.009503029342326852,0.0003011277617861216
noise,k10000_sigma2_learnable_frequency,test_mse,3,0.0030001198291364642,9.21263580199752e-05
noise,k10000_sigma2_learnable_frequency,test_ssim,3,0.9698361514939202,0.0008125647926260772
noise,k10000_sigma2_learnable_frequency,sharpened_test_mse,3,0.0030420039279593363,8.791498831381292e-05
noise,k10000_sigma2_learnable_frequency,sharpened_test_ssim,3,0.9694069086180793,0.0007519231540018182
noise,k10000_sigma2_learnable_frequency,thresholded_test_mse,3,0.004595677998330858,5.9742556380155e-05
noise,k10000_sigma2_learnable_frequency,thresholded_test_ssim,3,0.952448591656155,0.0008063792967928809
noise,k10000_sigma2_learnable_frequency,best_val_mse,3,0.0030189960930082534,0.00010643085248692987
noise,k10000_sigma6_random_fixed,test_mse,3,0.009468501331077682,0.00013879580440007825
noise,k10000_sigma6_random_fixed,test_ssim,3,0.9064126138687134,0.0012223807421150726
noise,k10000_sigma6_random_fixed,best_val_mse,3,0.009441824709375699,0.0001319370305721555
noise,k10000_sigma6_random_fixed,final_val_mse,3,0.009554155219760206,0.00027481300052000385
noise,k10000_sigma6_learnable_frequency,test_mse,3,0.0030071130502555103,8.716936774194938e-05
noise,k10000_sigma6_learnable_frequency,test_ssim,3,0.9699753447108799,0.0010357464536261244
noise,k10000_sigma6_learnable_frequency,sharpened_test_mse,3,0.003048135179405411,8.301930015453842e-05
noise,k10000_sigma6_learnable_frequency,sharpened_test_ssim,3,0.9695645629564921,0.0010057483899782076
noise,k10000_sigma6_learnable_frequency,thresholded_test_mse,3,0.004598327327519656,7.285773432809438e-05
noise,k10000_sigma6_learnable_frequency,thresholded_test_ssim,3,0.9526699199676514,0.001321757882120704
noise,k10000_sigma6_learnable_frequency,best_val_mse,3,0.0030295651650263204,8.502363067793096e-05
content,bbbc022_x16_uniform_all_ones,test_mse,3,0.001042555833959745,1.6973798243768985e-05
content,bbbc022_x16_uniform_all_ones,test_ssim,3,0.9119501974847581,0.0007507814891543646
content,bbbc022_x16_uniform_all_ones,best_val_mse,3,0.0009699075521590809,1.6429665942750354e-05
content,bbbc022_x16_uniform_all_ones,final_val_mse,3,0.0010019824840128422,5.5827322229859467e-05
content,bbbc022_x16_random_fixed,test_mse,3,0.0007988518116892212,7.123331671136333e-05
content,bbbc022_x16_random_fixed,test_ssim,3,0.9212042914496528,0.0034385508095614004
content,bbbc022_x16_random_fixed,best_val_mse,3,0.0007554305794959267,6.3758738862225e-05
content,bbbc022_x16_random_fixed,final_val_mse,3,0.0007843988055052857,7.812350313086836e-05
content,bbbc022_x16_hadamard_fixed,test_mse,3,0.0007745900902793639,2.7839668090469695e-05
content,bbbc022_x16_hadamard_fixed,test_ssim,3,0.9234762337472704,0.0019997835734916723
content,bbbc022_x16_hadamard_fixed,best_val_mse,3,0.0007099303688543539,2.3064359250636683e-05
content,bbbc022_x16_hadamard_fixed,final_val_mse,3,0.000730582105461508,4.04346419549924e-05
content,bbbc022_x16_learnable_frequency,test_mse,3,0.0007529827753185398,0.00017150842858074225
content,bbbc022_x16_learnable_frequency,test_ssim,3,0.9232749859491984,0.00791538732948281
content,bbbc022_x16_learnable_frequency,sharpened_test_mse,3,0.0007507887837063107,0.00017300036781520755
content,bbbc022_x16_learnable_frequency,sharpened_test_ssim,3,0.9233408252398173,0.00795257744981744
content,bbbc022_x16_learnable_frequency,thresholded_test_mse,3,0.0008218122115876111,0.00013439255469298783
content,bbbc022_x16_learnable_frequency,thresholded_test_ssim,3,0.9201867699623107,0.005891891182867928
content,bbbc022_x16_learnable_frequency,best_val_mse,3,0.0007112027786206454,0.0001498632490394586
content,bbbc022_x64_uniform_all_ones,test_mse,3,0.005763950664550066,3.834959617515361e-05
content,bbbc022_x64_uniform_all_ones,test_ssim,3,0.8048543108834161,0.0011854570818432798
content,bbbc022_x64_uniform_all_ones,best_val_mse,3,0.0053426953963935375,2.0169688039014922e-05
content,bbbc022_x64_uniform_all_ones,final_val_mse,3,0.005490469560027122,2.7028000679149593e-05
content,bbbc022_x64_random_fixed,test_mse,3,0.0028740304625696606,2.01327275106123e-05
content,bbbc022_x64_random_fixed,test_ssim,3,0.8551933526992798,0.0009692766674953934
content,bbbc022_x64_random_fixed,best_val_mse,3,0.002649081979567806,5.934069714578507e-05
content,bbbc022_x64_random_fixed,final_val_mse,3,0.0027928497331837815,0.00012361562857937327
content,bbbc022_x64_hadamard_fixed,test_mse,3,0.0037439727638330722,4.221744222279714e-05
content,bbbc022_x64_hadamard_fixed,test_ssim,3,0.8420111801889207,0.0012874468012954148
content,bbbc022_x64_hadamard_fixed,best_val_mse,3,0.00327726430259645,3.351608449231112e-05
content,bbbc022_x64_hadamard_fixed,final_val_mse,3,0.0033086941887935004,2.569657268017053e-05
content,bbbc022_x64_learnable_frequency,test_mse,3,0.001201896441893445,6.170469544389484e-05
content,bbbc022_x64_learnable_frequency,test_ssim,3,0.9040334516101414,0.0017404507010440131
content,bbbc022_x64_learnable_frequency,sharpened_test_mse,3,0.0012014971657966574,6.711920667434587e-05
content,bbbc022_x64_learnable_frequency,sharpened_test_ssim,3,0.9040408333142599,0.001891059358487013
content,bbbc022_x64_learnable_frequency,thresholded_test_mse,3,0.0013381412899535563,7.878587763074134e-05
content,bbbc022_x64_learnable_frequency,thresholded_test_ssim,3,0.8997334082921346,0.002021403424557528
content,bbbc022_x64_learnable_frequency,best_val_mse,3,0.0011258577151844898,5.8896377977457425e-05
content,bbbc022_x256_uniform_all_ones,test_mse,3,0.02418700431783994,0.00023320477781364095
content,bbbc022_x256_uniform_all_ones,test_ssim,3,0.6160151852501763,0.0022664560326291342
content,bbbc022_x256_uniform_all_ones,best_val_mse,3,0.022898551449179648,0.0002223983344042777
content,bbbc022_x256_uniform_all_ones,final_val_mse,3,0.023985240484277408,0.0003198044982710786
content,bbbc022_x256_random_fixed,test_mse,3,0.012972406360010307,0.0004639574739317017
content,bbbc022_x256_random_fixed,test_ssim,3,0.6966113249460856,0.00506189254322332
content,bbbc022_x256_random_fixed,best_val_mse,3,0.012132648440698782,0.0003233381949937894
content,bbbc022_x256_random_fixed,final_val_mse,3,0.012531099158028762,0.0006297578826540723
content,bbbc022_x256_hadamard_fixed,test_mse,3,0.017348240564266842,7.845648006126576e-05
content,bbbc022_x256_hadamard_fixed,test_ssim,3,0.6555914031134712,0.0027955315769862456
content,bbbc022_x256_hadamard_fixed,best_val_mse,3,0.01624014371385177,0.00010415177685513792
content,bbbc022_x256_hadamard_fixed,final_val_mse,3,0.016707656905055046,0.00011983147441749636
content,bbbc022_x256_learnable_frequency,test_mse,3,0.004669864827560054,5.752546567982857e-05
content,bbbc022_x256_learnable_frequency,test_ssim,3,0.8198367979791429,0.0003013041184750429
content,bbbc022_x256_learnable_frequency,sharpened_test_mse,3,0.004657902237441805,7.061900213385265e-05
content,bbbc022_x256_learnable_frequency,sharpened_test_ssim,3,0.8200823532210456,0.000698222883261339
content,bbbc022_x256_learnable_frequency,thresholded_test_mse,3,0.004735459532174799,9.020759527436532e-05
content,bbbc022_x256_learnable_frequency,thresholded_test_ssim,3,0.818781754705641,0.0015077372000873988
content,bbbc022_x256_learnable_frequency,best_val_mse,3,0.004437414448087414,4.815915445270776e-05
content,bbbc022_x1024_uniform_all_ones,test_mse,3,0.03965474193294843,0.0009996920492144035
content,bbbc022_x1024_uniform_all_ones,test_ssim,3,0.5960781918631659,0.0007069997407263464
content,bbbc022_x1024_uniform_all_ones,best_val_mse,3,0.03726137032111486,0.0007148325518331577
content,bbbc022_x1024_uniform_all_ones,final_val_mse,3,0.03965216527382533,0.0009661232688602283
content,bbbc022_x1024_random_fixed,test_mse,3,0.03893457253774007,0.00019781646855112335
content,bbbc022_x1024_random_fixed,test_ssim,3,0.5961790561676026,0.0008404486624906429
content,bbbc022_x1024_random_fixed,best_val_mse,3,0.036678486069043476,7.285333286345601e-05
content,bbbc022_x1024_random_fixed,final_val_mse,3,0.03896729523936908,0.0009476685173522426
content,bbbc022_x1024_hadamard_fixed,test_mse,3,0.03925385541386074,0.0005039747375474405
content,bbbc022_x1024_hadamard_fixed,test_ssim,3,0.593947958946228,0.008896841082916291
content,bbbc022_x1024_hadamard_fixed,best_val_mse,3,0.03703221430381139,0.0004296162978212974
content,bbbc022_x1024_hadamard_fixed,final_val_mse,3,0.040365100900332136,0.00022760382150102923
content,bbbc022_x1024_learnable_frequency,test_mse,3,0.02438861226869954,0.001671958032071537
content,bbbc022_x1024_learnable_frequency,test_ssim,3,0.6509736590915256,0.01126228839808105
content,bbbc022_x1024_learnable_frequency,sharpened_test_mse,3,0.024312874385052256,0.0016657004894789368
content,bbbc022_x1024_learnable_frequency,sharpened_test_ssim,3,0.6507023268275791,0.011462746466766718
content,bbbc022_x1024_learnable_frequency,thresholded_test_mse,3,0.02432040058904224,0.0016830230809559946
content,bbbc022_x1024_learnable_frequency,thresholded_test_ssim,3,0.6489431275261773,0.01193187224486461
content,bbbc022_x1024_learnable_frequency,best_val_mse,3,0.02216083394984404,0.0017588882714716831
content_swinir,x16_random_fixed,best_val_ssim,2,0.9151217378675938,0.0011081786782802146
content_swinir,x16_random_fixed,best_val_mse,2,0.0007216124027763725,5.271771234521105e-06
content_swinir,x16_random_fixed,base_val_ssim,2,0.9229974620044231,0.002737042684077778
content_swinir,x16_random_fixed,base_val_mse,2,0.0007837299041057121,5.775766433694471e-05
content_swinir,x16_random_fixed,test.base_mse,2,0.000829687102304888,6.677993889500491e-05
content_swinir,x16_random_fixed,test.base_ssim,2,0.9196646884083748,0.003078958641398689
content_swinir,x16_random_fixed,test.base_psnr,2,31.30929136276245,0.35989969445465014
content_swinir,x16_random_fixed,test.ref_mse,2,0.0007552643876503377,2.9814916615050023e-07
content_swinir,x16_random_fixed,test.ref_ssim,2,0.9125295917193095,0.0012722082418811168
content_swinir,x16_random_fixed,test.ref_psnr,2,31.64586221377055,0.02872533633125547
content_swinir,x16_random_fixed,delta_test_ssim,2,-0.007135096689065312,0.001806750399517572
content_swinir,x16_random_fixed,delta_test_mse,2,-7.442271465455031e-05,6.707808806115541e-05
content_swinir,x16_learnable_frequency,best_val_ssim,2,0.9168375700712204,0.003903662182503261
content_swinir,x16_learnable_frequency,best_val_mse,2,0.0006827829956819187,0.00010565864889840507
content_swinir,x16_learnable_frequency,base_val_ssim,2,0.9236426532268525,0.0063279341574529226
content_swinir,x16_learnable_frequency,base_val_mse,2,0.0007689746975302114,0.00015776950527667961
content_swinir,x16_learnable_frequency,test.base_mse,2,0.0008195455655974607,0.00017786978476449928
content_swinir,x16_learnable_frequency,test.base_ssim,2,0.9202055017153422,0.007106944895191826
content_swinir,x16_learnable_frequency,test.base_psnr,2,31.427445522944133,0.90965929768153
content_swinir,x16_learnable_frequency,test.ref_mse,2,0.0007163773482413186,0.00011606583363896262
content_swinir,x16_learnable_frequency,test.ref_ssim,2,0.9144487674037616,0.004312733172122706
content_swinir,x16_learnable_frequency,test.ref_psnr,2,31.88657445907593,0.6948916129637287
content_swinir,x16_learnable_frequency,delta_test_ssim,2,-0.005756734311580691,0.00279421172306912
content_swinir,x16_learnable_frequency,delta_test_mse,2,-0.00010316821735614209,6.180395112553665e-05
content_swinir,x64_random_fixed,best_val_ssim,2,0.8779787927865983,0.000771871061601221
content_swinir,x64_random_fixed,best_val_mse,2,0.001989314086677041,5.4548014357029814e-05
content_swinir,x64_random_fixed,base_val_ssim,2,0.8631734438240528,0.0004075442200321537
content_swinir,x64_random_fixed,base_val_mse,2,0.002683268019973184,3.6689268943446815e-06
content_swinir,x64_random_fixed,test.base_mse,2,0.00288539408526655,5.908886292623887e-06
content_swinir,x64_random_fixed,test.base_ssim,2,0.8546864574154218,0.00048726603766173824
content_swinir,x64_random_fixed,test.base_psnr,2,25.90180697441101,0.031595997520391245
content_swinir,x64_random_fixed,test.ref_mse,2,0.0021564725582720714,4.158971162533448e-05
content_swinir,x64_random_fixed,test.ref_ssim,2,0.8723780646920204,0.0013092686682242107
content_swinir,x64_random_fixed,test.ref_psnr,2,27.25017703374227,0.07935732325427743
content_swinir,x64_random_fixed,delta_test_ssim,2,0.01769160727659863,0.0017965347058859489
content_swinir,x64_random_fixed,delta_test_mse,2,-0.0007289215269944787,4.7498597917958375e-05
content_swinir,x64_learnable_frequency,best_val_ssim,1,0.9052366614341736,
content_swinir,x64_learnable_frequency,best_val_mse,1,0.0009497485923930071,
content_swinir,x64_learnable_frequency,base_val_ssim,1,0.907838499546051,
content_swinir,x64_learnable_frequency,base_val_mse,1,0.0011440627444244456,
content_swinir,x64_learnable_frequency,test.base_mse,1,0.0012165307891943181,
content_swinir,x64_learnable_frequency,test.base_ssim,1,0.9032477527856827,
content_swinir,x64_learnable_frequency,test.base_psnr,1,29.64946791330973,
content_swinir,x64_learnable_frequency,test.ref_mse,1,0.0010068596178219498,
content_swinir,x64_learnable_frequency,test.ref_ssim,1,0.9023255566755931,
content_swinir,x64_learnable_frequency,test.ref_psnr,1,30.446531168619792,
content_swinir,x64_learnable_frequency,delta_test_ssim,1,-0.0009221961100895903,
content_swinir,x64_learnable_frequency,delta_test_mse,1,-0.00020967117137236837,
content_swinir,x256_random_fixed,best_val_ssim,1,0.7689721643924713,
content_swinir,x256_random_fixed,best_val_mse,1,0.010437482123961672,
content_swinir,x256_random_fixed,base_val_ssim,1,0.718297290802002,
content_swinir,x256_random_fixed,base_val_mse,1,0.01180573811288923,
content_swinir,x256_random_fixed,test.base_mse,1,0.012466733244946227,
content_swinir,x256_random_fixed,test.base_ssim,1,0.7013294180234273,
content_swinir,x256_random_fixed,test.base_psnr,1,19.533784039815266,
content_swinir,x256_random_fixed,test.ref_mse,1,0.010921779939477953,
content_swinir,x256_random_fixed,test.ref_ssim,1,0.756386058529218,
content_swinir,x256_random_fixed,test.ref_psnr,1,20.18127857844035,
content_swinir,x256_random_fixed,delta_test_ssim,1,0.05505664050579073,
content_swinir,x256_random_fixed,delta_test_mse,1,-0.0015449533054682739,
content_swinir,x256_learnable_frequency,best_val_ssim,1,0.8514840856194497,
content_swinir,x256_learnable_frequency,best_val_mse,1,0.003379370279435534,
content_swinir,x256_learnable_frequency,base_val_ssim,1,0.8304909437894821,
content_swinir,x256_learnable_frequency,base_val_mse,1,0.00448588100989582,
content_swinir,x256_learnable_frequency,test.base_mse,1,0.004728181799388646,
content_swinir,x256_learnable_frequency,test.base_ssim,1,0.8197676668564479,
content_swinir,x256_learnable_frequency,test.base_psnr,1,23.84780035018921,
content_swinir,x256_learnable_frequency,test.ref_mse,1,0.0036395584126391136,
content_swinir,x256_learnable_frequency,test.ref_ssim,1,0.8428065727154413,
content_swinir,x256_learnable_frequency,test.ref_psnr,1,25.059096908569337,
content_swinir,x256_learnable_frequency,delta_test_ssim,1,0.023038905858993486,
content_swinir,x256_learnable_frequency,delta_test_mse,1,-0.0010886233867495325,
content_swinir,x1024_random_fixed,best_val_ssim,1,0.6598208412528038,
content_swinir,x1024_random_fixed,best_val_mse,1,0.042466106521897015,
content_swinir,x1024_random_fixed,base_val_ssim,1,0.6194277800619602,
content_swinir,x1024_random_fixed,base_val_mse,1,0.03673429493792355,
content_swinir,x1024_random_fixed,test.base_mse,1,0.038979773068179686,
content_swinir,x1024_random_fixed,test.base_ssim,1,0.5953976755340894,
content_swinir,x1024_random_fixed,test.base_psnr,1,14.412541755040486,
content_swinir,x1024_random_fixed,test.ref_mse,1,0.04579960877696673,
content_swinir,x1024_random_fixed,test.ref_ssim,1,0.6399663041035334,
content_swinir,x1024_random_fixed,test.ref_psnr,1,13.820451402664185,
content_swinir,x1024_random_fixed,delta_test_ssim,1,0.04456862856944399,
content_swinir,x1024_random_fixed,delta_test_mse,1,0.006819835708787046,
content_swinir,x1024_learnable_frequency,best_val_ssim,1,0.689971174299717,
content_swinir,x1024_learnable_frequency,best_val_mse,1,0.027582500874996186,
content_swinir,x1024_learnable_frequency,base_val_ssim,1,0.6646082639694214,
content_swinir,x1024_learnable_frequency,base_val_mse,1,0.024175414256751536,
content_swinir,x1024_learnable_frequency,test.base_mse,1,0.026253395418946942,
content_swinir,x1024_learnable_frequency,test.base_ssim,1,0.6369469662507375,
content_swinir,x1024_learnable_frequency,test.base_psnr,1,16.17630556424459,
content_swinir,x1024_learnable_frequency,test.ref_mse,1,0.029646849810766675,
content_swinir,x1024_learnable_frequency,test.ref_ssim,1,0.6656907752156258,
content_swinir,x1024_learnable_frequency,test.ref_psnr,1,15.644857343037923,
content_swinir,x1024_learnable_frequency,delta_test_ssim,1,0.028743808964888262,
content_swinir,x1024_learnable_frequency,delta_test_mse,1,0.0033934543918197335,
