step,phase,m,loss,train_mse,val_mse,val_ssim,grad_norm_illum,grad_norm_upsampler,grad_norm_recon,H_t_min,H_t_max,H_t_mean,H_t_std,H_t_binary_fraction,illum_l2,illum_delta,H_t_displacement,tau_displacement,illum_frozen
200,inverse_warmup_m1,1.0,0.10555136203765869,0.059468984603881836,0.05884913417200247,0.5182747145493826,0.0,0.023076210170984268,0.6074540763777037,0.010045968927443027,0.990330696105957,0.4999280869960785,0.20856866240501404,0.028331756591796875,513.144960025917,0.0,0.0,0.0,1
400,inverse_warmup_m1,1.0,0.0880831852555275,0.043564215302467346,0.0442696555207173,0.6264008631308874,0.0,0.020346883684396744,0.1385848601979784,0.010045968927443027,0.990330696105957,0.4999280869960785,0.20856866240501404,0.028331756591796875,513.144960025917,0.0,0.0,0.0,1
600,inverse_warmup_m1,1.0,0.08014063537120819,0.038366835564374924,0.0377436705554525,0.6768149038155874,0.0,0.029424196109175682,0.13330614672907912,0.010045968927443027,0.990330696105957,0.4999280869960785,0.20856866240501404,0.028331756591796875,513.144960025917,0.0,0.0,0.0,1
800,inverse_warmup_m1,1.0,0.07517263293266296,0.034659311175346375,0.034355235286056995,0.704816127816836,0.0,0.03551168367266655,0.23005689250767009,0.010045968927443027,0.990330696105957,0.4999280869960785,0.20856866240501404,0.028331756591796875,513.144960025917,0.0,0.0,0.0,1
1000,inverse_warmup_m1,1.0,0.0715174525976181,0.03287285566329956,0.03288256966819366,0.7173212716976801,0.0,0.041604675352573395,0.16645848660716583,0.010045968927443027,0.990330696105957,0.4999280869960785,0.20856866240501404,0.028331756591796875,513.144960025917,0.0,0.0,0.0,1
1200,inverse_warmup_m1,1.0,0.0687568336725235,0.03102191351354122,0.030967565563817818,0.733531172076861,0.0,0.039648693054914474,0.11766182356345971,0.010045968927443027,0.990330696105957,0.4999280869960785,0.20856866240501404,0.028331756591796875,513.144960025917,0.0,0.0,0.0,1
1400,inverse_warmup_m1,1.0,0.06612284481525421,0.030255254358053207,0.03083294133345286,0.7392516434192657,0.0,0.04147656634449959,0.25446771551350733,0.010045968927443027,0.990330696105957,0.4999280869960785,0.20856866240501404,0.028331756591796875,513.144960025917,0.0,0.0,0.0,1
1600,inverse_warmup_m1,1.0,0.0653846338391304,0.02838989719748497,0.029596693348139524,0.7443903336922327,0.0,0.03743569180369377,0.16034657734852906,0.010045968927443027,0.990330696105957,0.4999280869960785,0.20856866240501404,0.028331756591796875,513.144960025917,0.0,0.0,0.0,1
1800,inverse_warmup_m1,1.0,0.06403796374797821,0.02839125134050846,0.02886382242043813,0.749467690785726,0.0,0.03832583129405975,0.2904554001396562,0.010045968927443027,0.990330696105957,0.4999280869960785,0.20856866240501404,0.028331756591796875,513.144960025917,0.0,0.0,0.0,1
2000,inverse_warmup_m1,1.0,0.06335815787315369,0.02717794105410576,0.028536018605033558,0.7562128404776255,0.0,0.03660734370350838,0.13882024104265026,0.010045968927443027,0.990330696105957,0.4999280869960785,0.20856866240501404,0.028331756591796875,513.144960025917,0.0,0.0,0.0,1
2200,inverse_warmup_m1,1.0,0.06263858079910278,0.027912845835089684,0.02865166775882244,0.7525313297907511,0.0,0.03732762113213539,0.16336066623464326,0.010045968927443027,0.990330696105957,0.4999280869960785,0.20856866240501404,0.028331756591796875,513.144960025917,0.0,0.0,0.0,1
2400,inverse_warmup_m1,1.0,0.062313418835401535,0.027271166443824768,0.027298201341181993,0.7611749817927679,0.0,0.03964518755674362,0.11725297788486938,0.010045968927443027,0.990330696105957,0.4999280869960785,0.20856866240501404,0.028331756591796875,513.144960025917,0.0,0.0,0.0,1
2600,inverse_warmup_m1,1.0,0.06159598380327225,0.02682334929704666,0.027791152087350685,0.7602819154659907,0.0,0.03683912754058838,0.16835891019144952,0.010045968927443027,0.990330696105957,0.4999280869960785,0.20856866240501404,0.028331756591796875,513.144960025917,0.0,0.0,0.0,1
2800,inverse_warmup_m1,1.0,0.06071962043642998,0.02576582506299019,0.02674710921322306,0.7639387349287668,0.0,0.03625684976577759,0.14878907484562476,0.010045968927443027,0.990330696105957,0.4999280869960785,0.20856866240501404,0.028331756591796875,513.144960025917,0.0,0.0,0.0,1
3000,inverse_warmup_m1,1.0,0.05998421460390091,0.025686930865049362,0.02659603130693237,0.7643982917070389,0.0,0.03453725203871727,0.15711945703093272,0.010045968927443027,0.990330696105957,0.4999280869960785,0.20856866240501404,0.028331756591796875,513.144960025917,0.0,0.0,0.0,1
3200,inverse_warmup_m1,1.0,0.05925625562667847,0.02504519373178482,0.026527039706707,0.7660958965619405,0.0,0.036074426025152206,0.15973616623017955,0.010045968927443027,0.990330696105957,0.4999280869960785,0.20856866240501404,0.028331756591796875,513.144960025917,0.0,0.0,0.0,1
3400,inverse_warmup_m1,1.0,0.061263661831617355,0.02675897814333439,0.02613112252826492,0.7673139621814092,0.0,0.03761950135231018,0.19060744521310655,0.010045968927443027,0.990330696105957,0.4999280869960785,0.20856866240501404,0.028331756591796875,513.144960025917,0.0,0.0,0.0,1
3600,inverse_warmup_m1,1.0,0.05833350121974945,0.024563170969486237,0.026059214801838,0.7731491178274155,0.0,0.035549189895391464,0.10967355426986652,0.010045968927443027,0.990330696105957,0.4999280869960785,0.20856866240501404,0.028331756591796875,513.144960025917,0.0,0.0,0.0,1
3800,inverse_warmup_m1,1.0,0.058714449405670166,0.024791153147816658,0.025976039469242096,0.7758943488200506,0.0,0.03526869788765907,0.21480712019976206,0.010045968927443027,0.990330696105957,0.4999280869960785,0.20856866240501404,0.028331756591796875,513.144960025917,0.0,0.0,0.0,1
4000,inverse_warmup_m1,1.0,0.05765920504927635,0.023916754871606827,0.0253212652169168,0.7763825903336207,0.0,0.03477839380502701,0.07490716771479292,0.010045968927443027,0.990330696105957,0.4999280869960785,0.20856866240501404,0.028331756591796875,513.144960025917,0.0,0.0,0.0,1
4200,inverse_warmup_m1,1.0,0.05765347555279732,0.024119585752487183,0.025386640646805365,0.777217964331309,0.0,0.03469015657901764,0.06998592679173218,0.010045968927443027,0.990330696105957,0.4999280869960785,0.20856866240501404,0.028331756591796875,513.144960025917,0.0,0.0,0.0,1
4400,inverse_warmup_m1,1.0,0.05740409344434738,0.024245603010058403,0.025318226621796686,0.7788077940543493,0.0,0.03475989028811455,0.1445505103298528,0.010045968927443027,0.990330696105957,0.4999280869960785,0.20856866240501404,0.028331756591796875,513.144960025917,0.0,0.0,0.0,1
4600,inverse_warmup_m1,1.0,0.05785183981060982,0.023986410349607468,0.02508142761265238,0.7810827642679214,0.0,0.03434491157531738,0.10576611170818287,0.010045968927443027,0.990330696105957,0.4999280869960785,0.20856866240501404,0.028331756591796875,513.144960025917,0.0,0.0,0.0,1
4800,inverse_warmup_m1,1.0,0.05703025311231613,0.023703768849372864,0.024907657876610756,0.7827042291561762,0.0,0.03357645124197006,0.09602168604283799,0.010045968927443027,0.990330696105957,0.4999280869960785,0.20856866240501404,0.028331756591796875,513.144960025917,0.0,0.0,0.0,1
5000,inverse_warmup_m1,1.0,0.056174784898757935,0.022949356585741043,0.025005894092222054,0.7790699303150177,0.0,0.031954407691955566,0.12015825250791737,0.010045968927443027,0.990330696105957,0.4999280869960785,0.20856866240501404,0.028331756591796875,513.144960025917,0.0,0.0,0.0,1
5200,inverse_warmup_m1,1.0,0.05570503696799278,0.0227441918104887,0.024767817463725805,0.7818944305181503,0.0,0.03249974548816681,0.08282192110553328,0.010045968927443027,0.990330696105957,0.4999280869960785,0.20856866240501404,0.028331756591796875,513.144960025917,0.0,0.0,0.0,1
5400,inverse_warmup_m1,1.0,0.056314822286367416,0.02319933846592903,0.024525913254668314,0.7849482794602712,0.0,0.03339216858148575,0.12665029070150638,0.010045968927443027,0.990330696105957,0.4999280869960785,0.20856866240501404,0.028331756591796875,513.144960025917,0.0,0.0,0.0,1
5600,inverse_warmup_m1,1.0,0.05544273555278778,0.022306308150291443,0.024291648995131254,0.7849542001883189,0.0,0.031011683866381645,0.20849252610913974,0.010045968927443027,0.990330696105957,0.4999280869960785,0.20856866240501404,0.028331756591796875,513.144960025917,0.0,0.0,0.0,1
5800,inverse_warmup_m1,1.0,0.054957032203674316,0.022486716508865356,0.024396791122853756,0.7834190875291824,0.0,0.031428564339876175,0.10214623160430927,0.010045968927443027,0.990330696105957,0.4999280869960785,0.20856866240501404,0.028331756591796875,513.144960025917,0.0,0.0,0.0,1
6000,inverse_warmup_m1,1.0,0.05586908757686615,0.02283298596739769,0.02417690648386876,0.7858243485291799,0.0,0.030732516199350357,0.08064247764685994,0.010045968927443027,0.990330696105957,0.4999280869960785,0.20856866240501404,0.028331756591796875,513.144960025917,0.0,0.0,0.0,1
6200,inverse_warmup_m1,1.0,0.05495420843362808,0.022416885942220688,0.024720606859773397,0.7845054616530737,0.0,0.03169324994087219,0.08422554407751733,0.010045968927443027,0.990330696105957,0.4999280869960785,0.20856866240501404,0.028331756591796875,513.144960025917,0.0,0.0,0.0,1
6400,inverse_warmup_m1,1.0,0.05581877380609512,0.023338407278060913,0.024203751236200333,0.7853924781084061,0.0,0.03196021541953087,0.17692725352612093,0.010045968927443027,0.990330696105957,0.4999280869960785,0.20856866240501404,0.028331756591796875,513.144960025917,0.0,0.0,0.0,1
6600,inverse_warmup_m1,1.0,0.0548504963517189,0.022289764136075974,0.02460544602945447,0.7828219930330912,0.0,0.03082898072898388,0.11108360057538486,0.010045968927443027,0.990330696105957,0.4999280869960785,0.20856866240501404,0.028331756591796875,513.144960025917,0.0,0.0,0.0,1
6800,inverse_warmup_m1,1.0,0.055810194462537766,0.02270611748099327,0.02454220565656821,0.787501260638237,0.0,0.03099917247891426,0.14253045544252763,0.010045968927443027,0.990330696105957,0.4999280869960785,0.20856866240501404,0.028331756591796875,513.144960025917,0.0,0.0,0.0,1
7000,inverse_warmup_m1,1.0,0.05501895770430565,0.022718671709299088,0.023710747404644888,0.7891168842713038,0.0,0.03037351928651333,0.1269882542214569,0.010045968927443027,0.990330696105957,0.4999280869960785,0.20856866240501404,0.028331756591796875,513.144960025917,0.0,0.0,0.0,1
7200,inverse_warmup_m1,1.0,0.054652564227581024,0.021885143592953682,0.023766883338491123,0.7895752588907877,0.0,0.02923596277832985,0.12159728820465052,0.010045968927443027,0.990330696105957,0.4999280869960785,0.20856866240501404,0.028331756591796875,513.144960025917,0.0,0.0,0.0,1
7400,inverse_warmup_m1,1.0,0.05473101884126663,0.022493839263916016,0.024118608019004267,0.7867594212293625,0.0,0.030493993312120438,0.0711265121310063,0.010045968927443027,0.990330696105957,0.4999280869960785,0.20856866240501404,0.028331756591796875,513.144960025917,0.0,0.0,0.0,1
7600,inverse_warmup_m1,1.0,0.05432987958192825,0.02177152968943119,0.024088460486382246,0.7899118612209955,0.0,0.030147867277264595,0.07654702930581901,0.010045968927443027,0.990330696105957,0.4999280869960785,0.20856866240501404,0.028331756591796875,513.144960025917,0.0,0.0,0.0,1
7800,inverse_warmup_m1,1.0,0.05371356010437012,0.02146218717098236,0.024020971575131018,0.7876642644405365,0.0,0.028540514409542084,0.07988199210662764,0.010045968927443027,0.990330696105957,0.4999280869960785,0.20856866240501404,0.028331756591796875,513.144960025917,0.0,0.0,0.0,1
8000,inverse_warmup_m1,1.0,0.054433465003967285,0.02202887460589409,0.02356531610712409,0.7925880004962286,0.0,0.02880287542939186,0.07676382853184847,0.010045968927443027,0.990330696105957,0.4999280869960785,0.20856866240501404,0.028331756591796875,513.144960025917,0.0,0.0,0.0,1
8200,inverse_warmup_m1,1.0,0.053735241293907166,0.021565381437540054,0.023193213623017073,0.7931109368801117,0.0,0.029219549149274826,0.10480550670632707,0.010045968927443027,0.990330696105957,0.4999280869960785,0.20856866240501404,0.028331756591796875,513.144960025917,0.0,0.0,0.0,1
8400,inverse_warmup_m1,1.0,0.054663680493831635,0.022189507260918617,0.023772589086244505,0.7907351156075796,0.0,0.029806822538375854,0.10657759505271018,0.010045968927443027,0.990330696105957,0.4999280869960785,0.20856866240501404,0.028331756591796875,513.144960025917,0.0,0.0,0.0,1
8600,inverse_warmup_m1,1.0,0.05355210602283478,0.021301500499248505,0.02350397454574704,0.7911461989084879,0.0,0.027638675644993782,0.08516661144893536,0.010045968927443027,0.990330696105957,0.4999280869960785,0.20856866240501404,0.028331756591796875,513.144960025917,0.0,0.0,0.0,1
8800,inverse_warmup_m1,1.0,0.05504101887345314,0.022506579756736755,0.024057447755088408,0.78907344241937,0.0,0.02911345474421978,0.09802427473149238,0.010045968927443027,0.990330696105957,0.4999280869960785,0.20856866240501404,0.028331756591796875,513.144960025917,0.0,0.0,0.0,1
9000,inverse_warmup_m1,1.0,0.05420815944671631,0.021997448056936264,0.023762355092912912,0.7906624327103297,0.0,0.02919607423245907,0.08361296505749187,0.010045968927443027,0.990330696105957,0.4999280869960785,0.20856866240501404,0.028331756591796875,513.144960025917,0.0,0.0,0.0,1
9200,inverse_warmup_m1,1.0,0.05428772047162056,0.02182687819004059,0.023603809376557667,0.7922859092553457,0.0,0.02885010652244091,0.08599321735008245,0.010045968927443027,0.990330696105957,0.4999280869960785,0.20856866240501404,0.028331756591796875,513.144960025917,0.0,0.0,0.0,1
9400,inverse_warmup_m1,1.0,0.05266376584768295,0.02085098996758461,0.023634483572095633,0.7942244758208593,0.0,0.03068990260362625,0.08754281054359234,0.010045968927443027,0.990330696105957,0.4999280869960785,0.20856866240501404,0.028331756591796875,513.144960025917,0.0,0.0,0.0,1
9600,inverse_warmup_m1,1.0,0.053474873304367065,0.021382667124271393,0.022920712052534025,0.7954084624846777,0.0,0.026907047256827354,0.08530615757504267,0.010045968927443027,0.990330696105957,0.4999280869960785,0.20856866240501404,0.028331756591796875,513.144960025917,0.0,0.0,0.0,1
9800,inverse_warmup_m1,1.0,0.05251959711313248,0.020961318165063858,0.023134973365813494,0.7937048623959223,0.0,0.026653867214918137,0.07252649477372483,0.010045968927443027,0.990330696105957,0.4999280869960785,0.20856866240501404,0.028331756591796875,513.144960025917,0.0,0.0,0.0,1
10000,inverse_warmup_m1,1.0,0.05358118563890457,0.0212959386408329,0.023111736091474693,0.7941911468903223,0.0,0.027543848380446434,0.12839306769801534,0.010045968927443027,0.990330696105957,0.4999280869960785,0.20856866240501404,0.028331756591796875,513.144960025917,0.0,0.0,0.0,1
10200,inverse_warmup_m1,1.0,0.05449995398521423,0.022125018760561943,0.023377970171471436,0.7950610965490341,0.0,0.028303366154432297,0.15957698092605638,0.010045968927443027,0.990330696105957,0.4999280869960785,0.20856866240501404,0.028331756591796875,513.144960025917,0.0,0.0,0.0,1
10400,inverse_warmup_m1,1.0,0.05330047756433487,0.021367795765399933,0.023409024346619844,0.794405867656072,0.0,0.02725600078701973,0.12259801659571805,0.010045968927443027,0.990330696105957,0.4999280869960785,0.20856866240501404,0.028331756591796875,513.144960025917,0.0,0.0,0.0,1
10600,inverse_warmup_m1,1.0,0.05392712354660034,0.02187534235417843,0.02315004573514064,0.795736645658811,0.0,0.027879992499947548,0.10112059179884608,0.010045968927443027,0.990330696105957,0.4999280869960785,0.20856866240501404,0.028331756591796875,513.144960025917,0.0,0.0,0.0,1
10800,inverse_warmup_m1,1.0,0.05283762514591217,0.021268878132104874,0.02296741136039297,0.7961176832516988,0.0,0.02741660177707672,0.09653199146700958,0.010045968927443027,0.990330696105957,0.4999280869960785,0.20856866240501404,0.028331756591796875,513.144960025917,0.0,0.0,0.0,1
11000,inverse_warmup_m1,1.0,0.05293547734618187,0.021299967542290688,0.023429923690855503,0.7934898436069489,0.0,0.026965323835611343,0.10264439458036524,0.010045968927443027,0.990330696105957,0.4999280869960785,0.20856866240501404,0.028331756591796875,513.144960025917,0.0,0.0,0.0,1
11200,inverse_warmup_m1,1.0,0.052916914224624634,0.021128300577402115,0.022884421826650698,0.7967010835806528,0.0,0.026690548285841942,0.06482715789966739,0.010045968927443027,0.990330696105957,0.4999280869960785,0.20856866240501404,0.028331756591796875,513.144960025917,0.0,0.0,0.0,1
11400,inverse_warmup_m1,1.0,0.05325871333479881,0.02113461308181286,0.023260594345629215,0.7954418957233429,0.0,0.025717895478010178,0.09584155797369696,0.010045968927443027,0.990330696105957,0.4999280869960785,0.20856866240501404,0.028331756591796875,513.144960025917,0.0,0.0,0.0,1
11600,inverse_warmup_m1,1.0,0.054392263293266296,0.02204073779284954,0.02347065011660258,0.7930964479843775,0.0,0.025336630642414093,0.10646476833607807,0.010045968927443027,0.990330696105957,0.4999280869960785,0.20856866240501404,0.028331756591796875,513.144960025917,0.0,0.0,0.0,1
11800,inverse_warmup_m1,1.0,0.053333863615989685,0.02138996496796608,0.023210937312493723,0.796033094326655,0.0,0.025829875841736794,0.10642862455892581,0.010045968927443027,0.990330696105957,0.4999280869960785,0.20856866240501404,0.028331756591796875,513.144960025917,0.0,0.0,0.0,1
12000,inverse_warmup_m1,1.0,0.05295030027627945,0.02134060673415661,0.023058960835138958,0.7970981349547704,0.0,0.025702793151140213,0.0665352704641524,0.010045968927443027,0.990330696105957,0.4999280869960785,0.20856866240501404,0.028331756591796875,513.144960025917,0.0,0.0,0.0,1
12200,inverse_warmup_m1,1.0,0.05262734740972519,0.02080582082271576,0.023114822804927826,0.7962342401345571,0.0,0.024843696504831314,0.05963768506702117,0.010045968927443027,0.990330696105957,0.4999280869960785,0.20856866240501404,0.028331756591796875,513.144960025917,0.0,0.0,0.0,1
12400,inverse_warmup_m1,1.0,0.052076324820518494,0.02077026665210724,0.022981658422698576,0.7966373662153879,0.0,0.02518027275800705,0.06939991531721784,0.010045968927443027,0.990330696105957,0.4999280869960785,0.20856866240501404,0.028331756591796875,513.144960025917,0.0,0.0,0.0,1
12600,inverse_warmup_m1,1.0,0.05205555260181427,0.02071967162191868,0.02291703736409545,0.795778269569079,0.0,0.025266224518418312,0.08411110786886426,0.010045968927443027,0.990330696105957,0.4999280869960785,0.20856866240501404,0.028331756591796875,513.144960025917,0.0,0.0,0.0,1
12800,inverse_warmup_m1,1.0,0.05340860038995743,0.021484151482582092,0.022954502298186224,0.7986572434504827,0.0,0.025466734543442726,0.07042558966186631,0.010045968927443027,0.990330696105957,0.4999280869960785,0.20856866240501404,0.028331756591796875,513.144960025917,0.0,0.0,0.0,1
13000,inverse_warmup_m1,1.0,0.052460186183452606,0.02091130241751671,0.023191146552562714,0.7972836842139562,0.0,0.025267012417316437,0.07776777425124883,0.010045968927443027,0.990330696105957,0.4999280869960785,0.20856866240501404,0.028331756591796875,513.144960025917,0.0,0.0,0.0,1
13200,inverse_warmup_m1,1.0,0.052873626351356506,0.02115551382303238,0.022631538721422356,0.7986581325531006,0.0,0.02528497576713562,0.18105783923597094,0.010045968927443027,0.990330696105957,0.4999280869960785,0.20856866240501404,0.028331756591796875,513.144960025917,0.0,0.0,0.0,1
13400,inverse_warmup_m1,1.0,0.05248929187655449,0.021017078310251236,0.02324062663440903,0.795082708199819,0.0,0.025565356016159058,0.1629903508974609,0.010045968927443027,0.990330696105957,0.4999280869960785,0.20856866240501404,0.028331756591796875,513.144960025917,0.0,0.0,0.0,1
13600,inverse_warmup_m1,1.0,0.052719827741384506,0.021032022312283516,0.023141824640333652,0.7958918064832687,0.0,0.025071190670132637,0.08419767521259182,0.010045968927443027,0.990330696105957,0.4999280869960785,0.20856866240501404,0.028331756591796875,513.144960025917,0.0,0.0,0.0,1
13800,inverse_warmup_m1,1.0,0.05222932621836662,0.02083588019013405,0.023021807583669823,0.7997259994347891,0.0,0.024361707270145416,0.0950991578133058,0.010045968927443027,0.990330696105957,0.4999280869960785,0.20856866240501404,0.028331756591796875,513.144960025917,0.0,0.0,0.0,1
14000,inverse_warmup_m1,1.0,0.05256257951259613,0.020998097956180573,0.023193210518608492,0.7975951234499613,0.0,0.024622315540909767,0.07845938621712098,0.010045968927443027,0.990330696105957,0.4999280869960785,0.20856866240501404,0.028331756591796875,513.144960025917,0.0,0.0,0.0,1
14200,inverse_warmup_m1,1.0,0.052835844457149506,0.020936526358127594,0.023276296599457662,0.7962986081838608,0.0,0.024107450619339943,0.11973216166836237,0.010045968927443027,0.990330696105957,0.4999280869960785,0.20856866240501404,0.028331756591796875,513.144960025917,0.0,0.0,0.0,1
14400,inverse_warmup_m1,1.0,0.05197162926197052,0.020775502547621727,0.02288712312777837,0.7980661541223526,0.0,0.02374461479485035,0.09507814501995296,0.010045968927443027,0.990330696105957,0.4999280869960785,0.20856866240501404,0.028331756591796875,513.144960025917,0.0,0.0,0.0,1
14600,inverse_warmup_m1,1.0,0.05194450169801712,0.02055060677230358,0.02308697331075867,0.7934400786956152,0.0,0.023661337792873383,0.09660532862267224,0.010045968927443027,0.990330696105957,0.4999280869960785,0.20856866240501404,0.028331756591796875,513.144960025917,0.0,0.0,0.0,1
14800,inverse_warmup_m1,1.0,0.05284779518842697,0.02098884992301464,0.022893760663767655,0.7972597529490789,0.0,0.02485649660229683,0.16963374954522445,0.010045968927443027,0.990330696105957,0.4999280869960785,0.20856866240501404,0.028331756591796875,513.144960025917,0.0,0.0,0.0,1
15000,inverse_warmup_m1,1.0,0.05180084705352783,0.02046690136194229,0.023168593179434538,0.7962128520011902,0.0,0.023715902119874954,0.14412975175916004,0.010045968927443027,0.990330696105957,0.4999280869960785,0.20856866240501404,0.028331756591796875,513.144960025917,0.0,0.0,0.0,1
15200,inverse_warmup_m1,1.0,0.05100485682487488,0.020055290311574936,0.022549745937188465,0.8016209801038107,0.0,0.023046309128403664,0.07308258539537921,0.010045968927443027,0.990330696105957,0.4999280869960785,0.20856866240501404,0.028331756591796875,513.144960025917,0.0,0.0,0.0,1
15400,inverse_warmup_m1,1.0,0.0519636869430542,0.020478393882513046,0.02248751698061824,0.8016217648983002,0.0,0.022863158956170082,0.07042167322788712,0.010045968927443027,0.990330696105957,0.4999280869960785,0.20856866240501404,0.028331756591796875,513.144960025917,0.0,0.0,0.0,1
15600,inverse_warmup_m1,1.0,0.05098485201597214,0.019955208525061607,0.023004558868706226,0.7996226102113724,0.0,0.023444222286343575,0.07238991494255957,0.010045968927443027,0.990330696105957,0.4999280869960785,0.20856866240501404,0.028331756591796875,513.144960025917,0.0,0.0,0.0,1
15800,inverse_warmup_m1,1.0,0.051826801151037216,0.02063443511724472,0.022769434687991936,0.7994690090417862,0.0,0.02286383882164955,0.09898141669525747,0.010045968927443027,0.990330696105957,0.4999280869960785,0.20856866240501404,0.028331756591796875,513.144960025917,0.0,0.0,0.0,1
16000,inverse_warmup_m1,1.0,0.05114422366023064,0.02028398960828781,0.02268705501531561,0.7999870479106903,0.0,0.022896863520145416,0.08731341145668624,0.010045968927443027,0.990330696105957,0.4999280869960785,0.20856866240501404,0.028331756591796875,513.144960025917,0.0,0.0,0.0,1
16200,inverse_warmup_m1,1.0,0.05225111544132233,0.020726483315229416,0.02317385996381442,0.798594335714976,0.0,0.02368767186999321,0.076136607546126,0.010045968927443027,0.990330696105957,0.4999280869960785,0.20856866240501404,0.028331756591796875,513.144960025917,0.0,0.0,0.0,1
16400,inverse_warmup_m1,1.0,0.05139390751719475,0.020306957885622978,0.02293683961033821,0.7969988584518433,0.0,0.022656353190541267,0.07452501010327266,0.010045968927443027,0.990330696105957,0.4999280869960785,0.20856866240501404,0.028331756591796875,513.144960025917,0.0,0.0,0.0,1
16600,inverse_warmup_m1,1.0,0.05092840641736984,0.02005307376384735,0.02271931633974115,0.7994864682356516,0.0,0.022257108241319656,0.0752183568738656,0.010045968927443027,0.990330696105957,0.4999280869960785,0.20856866240501404,0.028331756591796875,513.144960025917,0.0,0.0,0.0,1
16800,inverse_warmup_m1,1.0,0.051188137382268906,0.020254485309123993,0.02272007055580616,0.8018011500438055,0.0,0.02232751064002514,0.045144086073257414,0.010045968927443027,0.990330696105957,0.4999280869960785,0.20856866240501404,0.028331756591796875,513.144960025917,0.0,0.0,0.0,1
17000,inverse_warmup_m1,1.0,0.05105605721473694,0.02009350061416626,0.02254392532631755,0.8027128328879675,0.0,0.02310100570321083,0.0951321584229552,0.010045968927443027,0.990330696105957,0.4999280869960785,0.20856866240501404,0.028331756591796875,513.144960025917,0.0,0.0,0.0,1
17200,inverse_warmup_m1,1.0,0.05040746182203293,0.019691873341798782,0.022953193945189316,0.79682457447052,0.0,0.023005804046988487,0.07383128964051676,0.010045968927443027,0.990330696105957,0.4999280869960785,0.20856866240501404,0.028331756591796875,513.144960025917,0.0,0.0,0.0,1
17400,inverse_warmup_m1,1.0,0.051853492856025696,0.020646139979362488,0.022996426404764254,0.8001515616973242,0.0,0.022380376234650612,0.12261957377980229,0.010045968927443027,0.990330696105957,0.4999280869960785,0.20856866240501404,0.028331756591796875,513.144960025917,0.0,0.0,0.0,1
17600,inverse_warmup_m1,1.0,0.05101919174194336,0.020130254328250885,0.022471474017947912,0.8019336611032486,0.0,0.022489456459879875,0.0951547970984738,0.010045968927443027,0.990330696105957,0.4999280869960785,0.20856866240501404,0.028331756591796875,513.144960025917,0.0,0.0,0.0,1
17800,inverse_warmup_m1,1.0,0.05178969353437424,0.02063298597931862,0.022592901873091858,0.8029307176669439,0.0,0.02249976620078087,0.12154744958412653,0.010045968927443027,0.990330696105957,0.4999280869960785,0.20856866240501404,0.028331756591796875,513.144960025917,0.0,0.0,0.0,1
18000,inverse_warmup_m1,1.0,0.05095566064119339,0.020048201084136963,0.022862703539431095,0.7978249788284302,0.0,0.021577127277851105,0.11237992418302811,0.010045968927443027,0.990330696105957,0.4999280869960785,0.20856866240501404,0.028331756591796875,513.144960025917,0.0,0.0,0.0,1
18200,inverse_warmup_m1,1.0,0.05160773545503616,0.020181899890303612,0.022554739844053984,0.8008643090724945,0.0,0.02196098305284977,0.05667180851129234,0.010045968927443027,0.990330696105957,0.4999280869960785,0.20856866240501404,0.028331756591796875,513.144960025917,0.0,0.0,0.0,1
18400,inverse_warmup_m1,1.0,0.0514640212059021,0.020306959748268127,0.022621833253651857,0.8031600614388784,0.0,0.02222689427435398,0.07275034288240739,0.010045968927443027,0.990330696105957,0.4999280869960785,0.20856866240501404,0.028331756591796875,513.144960025917,0.0,0.0,0.0,1
18600,inverse_warmup_m1,1.0,0.05154877156019211,0.020288588479161263,0.02219434982786576,0.8016734719276428,0.0,0.022130804136395454,0.05592915989663552,0.010045968927443027,0.990330696105957,0.4999280869960785,0.20856866240501404,0.028331756591796875,513.144960025917,0.0,0.0,0.0,1
18800,inverse_warmup_m1,1.0,0.050554029643535614,0.019233785569667816,0.022344053878138464,0.8035353471835455,0.0,0.024071399122476578,0.21118655139119985,0.010045968927443027,0.990330696105957,0.4999280869960785,0.20856866240501404,0.028331756591796875,513.144960025917,0.0,0.0,0.0,1
19000,inverse_warmup_m1,1.0,0.05173657462000847,0.02071324922144413,0.0229998417198658,0.7984718183676401,0.0,0.021781418472528458,0.11792370640979705,0.010045968927443027,0.990330696105957,0.4999280869960785,0.20856866240501404,0.028331756591796875,513.144960025917,0.0,0.0,0.0,1
19200,inverse_warmup_m1,1.0,0.05093155428767204,0.020047742873430252,0.022419200123598177,0.8011118819316229,0.0,0.02161802165210247,0.1407217985368927,0.010045968927443027,0.990330696105957,0.4999280869960785,0.20856866240501404,0.028331756591796875,513.144960025917,0.0,0.0,0.0,1
19400,inverse_warmup_m1,1.0,0.05171743035316467,0.020345864817500114,0.022597199926773708,0.8003273804982504,0.0,0.022266782820224762,0.12148599580097265,0.010045968927443027,0.990330696105957,0.4999280869960785,0.20856866240501404,0.028331756591796875,513.144960025917,0.0,0.0,0.0,1
19600,inverse_warmup_m1,1.0,0.05254572629928589,0.020861515775322914,0.02234586824973424,0.8029998044172922,0.0,0.022364582866430283,0.17272435266296451,0.010045968927443027,0.990330696105957,0.4999280869960785,0.20856866240501404,0.028331756591796875,513.144960025917,0.0,0.0,0.0,1
19800,inverse_warmup_m1,1.0,0.051142916083335876,0.02000182867050171,0.02229722946261366,0.8014142612616221,0.0,0.02136046253144741,0.13602241033987159,0.010045968927443027,0.990330696105957,0.4999280869960785,0.20856866240501404,0.028331756591796875,513.144960025917,0.0,0.0,0.0,1
20000,inverse_warmup_m1,1.0,0.05171327292919159,0.02053450047969818,0.022244682535529137,0.8045573433240255,0.0,0.022112976759672165,0.08794954624309256,0.010045968927443027,0.990330696105957,0.4999280869960785,0.20856866240501404,0.028331756591796875,513.144960025917,0.0,0.0,0.0,1
20200,inverse_warmup_m1,1.0,0.05084996297955513,0.02023417316377163,0.022412892431020737,0.8023636887470881,0.0,0.021425800397992134,0.10189409052140727,0.010045968927443027,0.990330696105957,0.4999280869960785,0.20856866240501404,0.028331756591796875,513.144960025917,0.0,0.0,0.0,1
20400,inverse_warmup_m1,1.0,0.050955645740032196,0.020008089020848274,0.02241537704442938,0.8013863861560822,0.0,0.020709488540887833,0.08329157318975135,0.010045968927443027,0.990330696105957,0.4999280869960785,0.20856866240501404,0.028331756591796875,513.144960025917,0.0,0.0,0.0,1
20600,inverse_warmup_m1,1.0,0.05100122466683388,0.02020394802093506,0.022108230739831924,0.8043140172958374,0.0,0.021335303783416748,0.13173610148266116,0.010045968927443027,0.990330696105957,0.4999280869960785,0.20856866240501404,0.028331756591796875,513.144960025917,0.0,0.0,0.0,1
20800,inverse_warmup_m1,1.0,0.051420263946056366,0.020104482769966125,0.02280740486457944,0.7993675470352173,0.0,0.020711416378617287,0.08005376041538617,0.010045968927443027,0.990330696105957,0.4999280869960785,0.20856866240501404,0.028331756591796875,513.144960025917,0.0,0.0,0.0,1
21000,inverse_warmup_m1,1.0,0.05133943259716034,0.020156051963567734,0.02257073096310099,0.8018416812022527,0.0,0.02054789662361145,0.07056380806647675,0.010045968927443027,0.990330696105957,0.4999280869960785,0.20856866240501404,0.028331756591796875,513.144960025917,0.0,0.0,0.0,1
21200,inverse_warmup_m1,1.0,0.05134531855583191,0.020241355523467064,0.022161745000630617,0.8050941824913025,0.0,0.020658450201153755,0.09471210637113722,0.010045968927443027,0.990330696105957,0.4999280869960785,0.20856866240501404,0.028331756591796875,513.144960025917,0.0,0.0,0.0,1
21400,inverse_warmup_m1,1.0,0.051174767315387726,0.02004534751176834,0.02232760904977719,0.8023472279310226,0.0,0.020633172243833542,0.07769173782767068,0.010045968927443027,0.990330696105957,0.4999280869960785,0.20856866240501404,0.028331756591796875,513.144960025917,0.0,0.0,0.0,1
21600,inverse_warmup_m1,1.0,0.05092146247625351,0.01984071359038353,0.02222500725959738,0.8018280863761902,0.0,0.020299799740314484,0.08369737410100456,0.010045968927443027,0.990330696105957,0.4999280869960785,0.20856866240501404,0.028331756591796875,513.144960025917,0.0,0.0,0.0,1
21800,inverse_warmup_m1,1.0,0.050320569425821304,0.019697338342666626,0.02242201038946708,0.8005008945862452,0.0,0.019994821399450302,0.07242097413059623,0.010045968927443027,0.990330696105957,0.4999280869960785,0.20856866240501404,0.028331756591796875,513.144960025917,0.0,0.0,0.0,1
22000,inverse_warmup_m1,1.0,0.05030097812414169,0.019813895225524902,0.022327345019827288,0.8014523734649023,0.0,0.020392542704939842,0.06222028390510921,0.010045968927443027,0.990330696105957,0.4999280869960785,0.20856866240501404,0.028331756591796875,513.144960025917,0.0,0.0,0.0,1
22200,inverse_warmup_m1,1.0,0.05194670706987381,0.020618971437215805,0.02239456462363402,0.8028839429219564,0.0,0.020950932055711746,0.09905263510742413,0.010045968927443027,0.990330696105957,0.4999280869960785,0.20856866240501404,0.028331756591796875,513.144960025917,0.0,0.0,0.0,1
22400,inverse_warmup_m1,1.0,0.051042381674051285,0.020112745463848114,0.022199532017111778,0.8041423708200455,0.0,0.021002521738409996,0.10753084305325522,0.010045968927443027,0.990330696105957,0.4999280869960785,0.20856866240501404,0.028331756591796875,513.144960025917,0.0,0.0,0.0,1
22600,inverse_warmup_m1,1.0,0.05102764442563057,0.01996314339339733,0.022583093494176865,0.8013863960901896,0.0,0.02053447812795639,0.09273471034287627,0.010045968927443027,0.990330696105957,0.4999280869960785,0.20856866240501404,0.028331756591796875,513.144960025917,0.0,0.0,0.0,1
22800,inverse_warmup_m1,1.0,0.05075565353035927,0.01991654746234417,0.022241589923699696,0.8028751065333685,0.0,0.02074643038213253,0.12529284366731772,0.010045968927443027,0.990330696105957,0.4999280869960785,0.20856866240501404,0.028331756591796875,513.144960025917,0.0,0.0,0.0,1
23000,inverse_warmup_m1,1.0,0.051189444959163666,0.02007313258945942,0.022284006389478844,0.8021862059831619,0.0,0.020689550787210464,0.09299644993651143,0.010045968927443027,0.990330696105957,0.4999280869960785,0.20856866240501404,0.028331756591796875,513.144960025917,0.0,0.0,0.0,1
23200,inverse_warmup_m1,1.0,0.05073244869709015,0.019889535382390022,0.022213558045526344,0.8029054204622904,0.0,0.02023347280919552,0.09895969311363421,0.010045968927443027,0.990330696105957,0.4999280869960785,0.20856866240501404,0.028331756591796875,513.144960025917,0.0,0.0,0.0,1
23400,inverse_warmup_m1,1.0,0.050946615636348724,0.019982311874628067,0.022608350807180006,0.8013330002625784,0.0,0.01953459158539772,0.06429476705491434,0.010045968927443027,0.990330696105957,0.4999280869960785,0.20856866240501404,0.028331756591796875,513.144960025917,0.0,0.0,0.0,1
23600,inverse_warmup_m1,1.0,0.05131608247756958,0.020474206656217575,0.02270982616270582,0.8007937520742416,0.0,0.020495345816016197,0.0874159870429122,0.010045968927443027,0.990330696105957,0.4999280869960785,0.20856866240501404,0.028331756591796875,513.144960025917,0.0,0.0,0.0,1
23800,inverse_warmup_m1,1.0,0.05047161877155304,0.019763562828302383,0.022279801312834024,0.8028806994358698,0.0,0.019218284636735916,0.07606482442619765,0.010045968927443027,0.990330696105957,0.4999280869960785,0.20856866240501404,0.028331756591796875,513.144960025917,0.0,0.0,0.0,1
24000,inverse_warmup_m1,1.0,0.050080835819244385,0.019467854872345924,0.022364373318850994,0.8027637948592504,0.0,0.0198209211230278,0.07161105237378765,0.010045968927443027,0.990330696105957,0.4999280869960785,0.20856866240501404,0.028331756591796875,513.144960025917,0.0,0.0,0.0,1
24200,inverse_warmup_m1,1.0,0.05050448328256607,0.019652828574180603,0.022593585308641195,0.8014852106571198,0.0,0.01973770372569561,0.10716518816930952,0.010045968927443027,0.990330696105957,0.4999280869960785,0.20856866240501404,0.028331756591796875,513.144960025917,0.0,0.0,0.0,1
24400,inverse_warmup_m1,1.0,0.04983881115913391,0.019329320639371872,0.022241332568228245,0.8030443489551544,0.0,0.019392255693674088,0.08897314342576461,0.010045968927443027,0.990330696105957,0.4999280869960785,0.20856866240501404,0.028331756591796875,513.144960025917,0.0,0.0,0.0,1
24600,inverse_warmup_m1,1.0,0.049454595893621445,0.01921745203435421,0.021886184656371672,0.8053668439388275,0.0,0.01967461407184601,0.05793439350255536,0.010045968927443027,0.990330696105957,0.4999280869960785,0.20856866240501404,0.028331756591796875,513.144960025917,0.0,0.0,0.0,1
24800,inverse_warmup_m1,1.0,0.050639472901821136,0.01975935325026512,0.022062955268969137,0.8057362188895544,0.0,0.019069692119956017,0.04426534632730392,0.010045968927443027,0.990330696105957,0.4999280869960785,0.20856866240501404,0.028331756591796875,513.144960025917,0.0,0.0,0.0,1
25000,inverse_warmup_m1,1.0,0.04968530684709549,0.01940140500664711,0.022130799169341724,0.8054924259583155,0.0,0.019443102180957794,0.09572689954134897,0.010045968927443027,0.990330696105957,0.4999280869960785,0.20856866240501404,0.028331756591796875,513.144960025917,0.0,0.0,0.0,1
25200,inverse_warmup_m1,1.0,0.050327084958553314,0.019766289740800858,0.022192813300838072,0.8045404255390167,0.0,0.019236687570810318,0.06577880865673981,0.010045968927443027,0.990330696105957,0.4999280869960785,0.20856866240501404,0.028331756591796875,513.144960025917,0.0,0.0,0.0,1
25400,inverse_warmup_m1,1.0,0.04987763240933418,0.019345350563526154,0.02269756669799487,0.8017860551675161,0.0,0.018789172172546387,0.10894875916869733,0.010045968927443027,0.990330696105957,0.4999280869960785,0.20856866240501404,0.028331756591796875,513.144960025917,0.0,0.0,0.0,1
25600,inverse_warmup_m1,1.0,0.05077234283089638,0.019863294437527657,0.02263904254262646,0.8018860320250193,0.0,0.019530367106199265,0.07963480939170088,0.010045968927443027,0.990330696105957,0.4999280869960785,0.20856866240501404,0.028331756591796875,513.144960025917,0.0,0.0,0.0,1
25800,inverse_warmup_m1,1.0,0.050063423812389374,0.019581817090511322,0.022405531412611406,0.8031859944264094,0.0,0.01912352629005909,0.08092941748658918,0.010045968927443027,0.990330696105957,0.4999280869960785,0.20856866240501404,0.028331756591796875,513.144960025917,0.0,0.0,0.0,1
26000,inverse_warmup_m1,1.0,0.05002279579639435,0.019599154591560364,0.022553338514020044,0.8031251629193624,0.0,0.018883604556322098,0.0890756676208161,0.010045968927443027,0.990330696105957,0.4999280869960785,0.20856866240501404,0.028331756591796875,513.144960025917,0.0,0.0,0.0,1
26200,inverse_warmup_m1,1.0,0.05022336170077324,0.01958456262946129,0.022293017711490393,0.8047796934843063,0.0,0.018793733790516853,0.06691446883169391,0.010045968927443027,0.990330696105957,0.4999280869960785,0.20856866240501404,0.028331756591796875,513.144960025917,0.0,0.0,0.0,1
26400,inverse_warmup_m1,1.0,0.05004451051354408,0.019506581127643585,0.02206558734178543,0.8064196954170862,0.0,0.01948973536491394,0.10262264962110537,0.010045968927443027,0.990330696105957,0.4999280869960785,0.20856866240501404,0.028331756591796875,513.144960025917,0.0,0.0,0.0,1
26600,inverse_warmup_m1,1.0,0.04968619346618652,0.019292272627353668,0.022417398014416296,0.8012372950712839,0.0,0.019285395741462708,0.12712664169232984,0.010045968927443027,0.990330696105957,0.4999280869960785,0.20856866240501404,0.028331756591796875,513.144960025917,0.0,0.0,0.0,1
26800,inverse_warmup_m1,1.0,0.05130152404308319,0.02015697956085205,0.022133230076481897,0.8032701462507248,0.0,0.019537029787898064,0.16917375922709438,0.010045968927443027,0.990330696105957,0.4999280869960785,0.20856866240501404,0.028331756591796875,513.144960025917,0.0,0.0,0.0,1
27000,inverse_warmup_m1,1.0,0.05039028823375702,0.019599081948399544,0.022161319386214018,0.8037675420443217,0.0,0.019188985228538513,0.10923305557278902,0.010045968927443027,0.990330696105957,0.4999280869960785,0.20856866240501404,0.028331756591796875,513.144960025917,0.0,0.0,0.0,1
27200,inverse_warmup_m1,1.0,0.05103543400764465,0.0201713927090168,0.02234731676677863,0.8049316108226776,0.0,0.019084323197603226,0.1276359961540545,0.010045968927443027,0.990330696105957,0.4999280869960785,0.20856866240501404,0.028331756591796875,513.144960025917,0.0,0.0,0.0,1
27400,inverse_warmup_m1,1.0,0.05022911727428436,0.0194995254278183,0.022329732310026884,0.800308013955752,0.0,0.01816387102007866,0.08725942291744661,0.010045968927443027,0.990330696105957,0.4999280869960785,0.20856866240501404,0.028331756591796875,513.144960025917,0.0,0.0,0.0,1
27600,inverse_warmup_m1,1.0,0.05108501762151718,0.020011330023407936,0.02209083115061124,0.8049650639295578,0.0,0.01928408071398735,0.11092185385818215,0.010045968927443027,0.990330696105957,0.4999280869960785,0.20856866240501404,0.028331756591796875,513.144960025917,0.0,0.0,0.0,1
27800,inverse_warmup_m1,1.0,0.050845667719841,0.019806984812021255,0.022060518929113943,0.8040875742832819,0.0,0.018336765468120575,0.08588175840953761,0.010045968927443027,0.990330696105957,0.4999280869960785,0.20856866240501404,0.028331756591796875,513.144960025917,0.0,0.0,0.0,1
28000,inverse_warmup_m1,1.0,0.0505608469247818,0.01981462724506855,0.021772123718013365,0.8070760866006216,0.0,0.0189762394875288,0.0718392029825424,0.010045968927443027,0.990330696105957,0.4999280869960785,0.20856866240501404,0.028331756591796875,513.144960025917,0.0,0.0,0.0,1
28200,inverse_warmup_m1,1.0,0.04892808198928833,0.018672969192266464,0.02206019327665369,0.8048708140850067,0.0,0.02093631587922573,0.12765562128386126,0.010045968927443027,0.990330696105957,0.4999280869960785,0.20856866240501404,0.028331756591796875,513.144960025917,0.0,0.0,0.0,1
28400,inverse_warmup_m1,1.0,0.050232283771038055,0.019530996680259705,0.02223610474417607,0.8041945894559225,0.0,0.01846700720489025,0.0878530205166747,0.010045968927443027,0.990330696105957,0.4999280869960785,0.20856866240501404,0.028331756591796875,513.144960025917,0.0,0.0,0.0,1
28600,inverse_warmup_m1,1.0,0.049989618360996246,0.01940939947962761,0.022008231064925592,0.8053672462701797,0.0,0.018779639154672623,0.14950676406137206,0.010045968927443027,0.990330696105957,0.4999280869960785,0.20856866240501404,0.028331756591796875,513.144960025917,0.0,0.0,0.0,1
28800,inverse_warmup_m1,1.0,0.050336118787527084,0.019571442157030106,0.022256065315256517,0.8044115056594213,0.0,0.018705083057284355,0.09941753814779154,0.010045968927443027,0.990330696105957,0.4999280869960785,0.20856866240501404,0.028331756591796875,513.144960025917,0.0,0.0,0.0,1
29000,inverse_warmup_m1,1.0,0.05052674561738968,0.019553322345018387,0.02186347683891654,0.8046227792898814,0.0,0.01844862848520279,0.07384888988747074,0.010045968927443027,0.990330696105957,0.4999280869960785,0.20856866240501404,0.028331756591796875,513.144960025917,0.0,0.0,0.0,1
29200,inverse_warmup_m1,1.0,0.04946468770503998,0.019074460491538048,0.021762819805492956,0.8071213116248449,0.0,0.018161097541451454,0.055209815441775376,0.010045968927443027,0.990330696105957,0.4999280869960785,0.20856866240501404,0.028331756591796875,513.144960025917,0.0,0.0,0.0,1
29400,inverse_warmup_m1,1.0,0.050375718623399734,0.01956847868859768,0.021838251190880936,0.8076070497433344,0.0,0.01815231516957283,0.04101306447814114,0.010045968927443027,0.990330696105957,0.4999280869960785,0.20856866240501404,0.028331756591796875,513.144960025917,0.0,0.0,0.0,1
29600,inverse_warmup_m1,1.0,0.04987909644842148,0.019525714218616486,0.021620792026321094,0.8076327095429102,0.0,0.018052883446216583,0.04728008214332937,0.010045968927443027,0.990330696105957,0.4999280869960785,0.20856866240501404,0.028331756591796875,513.144960025917,0.0,0.0,0.0,1
29800,inverse_warmup_m1,1.0,0.04991833120584488,0.019299551844596863,0.02204913863291343,0.8054224153359731,0.0,0.018052784726023674,0.0657057402029408,0.010045968927443027,0.990330696105957,0.4999280869960785,0.20856866240501404,0.028331756591796875,513.144960025917,0.0,0.0,0.0,1
30000,inverse_warmup_m1,1.0,0.04993666708469391,0.01950056105852127,0.021920989888409775,0.8074403603871664,0.0,0.018227797001600266,0.077802572941723,0.010045968927443027,0.990330696105957,0.4999280869960785,0.20856866240501404,0.028331756591796875,513.144960025917,0.0,0.0,0.0,1
30200,inverse_warmup_m1,1.0,0.0504249632358551,0.019454315304756165,0.022257726018627483,0.8045945018529892,0.0,0.018185781314969063,0.11745727264135679,0.010045968927443027,0.990330696105957,0.4999280869960785,0.20856866240501404,0.028331756591796875,513.144960025917,0.0,0.0,0.0,1
30400,inverse_warmup_m1,1.0,0.05022941529750824,0.019491096958518028,0.02175356214866042,0.8082414964834849,0.0,0.01783975213766098,0.07705411397502937,0.010045968927443027,0.990330696105957,0.4999280869960785,0.20856866240501404,0.028331756591796875,513.144960025917,0.0,0.0,0.0,1
30600,inverse_warmup_m1,1.0,0.05021931976079941,0.019623471423983574,0.021740476600825787,0.8076658596595129,0.0,0.018129397183656693,0.05087602901408996,0.010045968927443027,0.990330696105957,0.4999280869960785,0.20856866240501404,0.028331756591796875,513.144960025917,0.0,0.0,0.0,1
30800,inverse_warmup_m1,1.0,0.05012478306889534,0.01943332515656948,0.021970639936625957,0.8052300264437994,0.0,0.017556605860590935,0.07363167707926806,0.010045968927443027,0.990330696105957,0.4999280869960785,0.20856866240501404,0.028331756591796875,513.144960025917,0.0,0.0,0.0,1
31000,inverse_warmup_m1,1.0,0.05007077381014824,0.01929420977830887,0.021681490819901228,0.8057597627242407,0.0,0.017600413411855698,0.07577827265254458,0.010045968927443027,0.990330696105957,0.4999280869960785,0.20856866240501404,0.028331756591796875,513.144960025917,0.0,0.0,0.0,1
31200,inverse_warmup_m1,1.0,0.049500856548547745,0.019214944913983345,0.02190030086785555,0.8071462363004684,0.0,0.017624983564019203,0.07806624138088768,0.010045968927443027,0.990330696105957,0.4999280869960785,0.20856866240501404,0.028331756591796875,513.144960025917,0.0,0.0,0.0,1
31400,inverse_warmup_m1,1.0,0.049632418900728226,0.019383329898118973,0.021967254268626373,0.8046184132496516,0.0,0.017959238961338997,0.09479418915979929,0.010045968927443027,0.990330696105957,0.4999280869960785,0.20856866240501404,0.028331756591796875,513.144960025917,0.0,0.0,0.0,1
31600,inverse_warmup_m1,1.0,0.05081218481063843,0.020025834441184998,0.021684444819887478,0.8077318420012792,0.0,0.01829347014427185,0.09218016883647444,0.010045968927443027,0.990330696105957,0.4999280869960785,0.20856866240501404,0.028331756591796875,513.144960025917,0.0,0.0,0.0,1
31800,inverse_warmup_m1,1.0,0.05010555684566498,0.019643621519207954,0.023144237386683624,0.8013195892175039,0.0,0.017950480803847313,0.09195572421436626,0.010045968927443027,0.990330696105957,0.4999280869960785,0.20856866240501404,0.028331756591796875,513.144960025917,0.0,0.0,0.0,1
32000,inverse_warmup_m1,1.0,0.05014848709106445,0.01937304064631462,0.021740163986881573,0.8076854745546976,0.0,0.017468702048063278,0.11208494310150686,0.010045968927443027,0.990330696105957,0.4999280869960785,0.20856866240501404,0.028331756591796875,513.144960025917,0.0,0.0,0.0,1
32200,inverse_warmup_m1,1.0,0.04966702312231064,0.019160527735948563,0.021747515847285587,0.8076806912819544,0.0,0.01781168021261692,0.06875607017813332,0.010045968927443027,0.990330696105957,0.4999280869960785,0.20856866240501404,0.028331756591796875,513.144960025917,0.0,0.0,0.0,1
32400,inverse_warmup_m1,1.0,0.05004420503973961,0.01935432292521,0.021973264558861654,0.8053871740897497,0.0,0.017911171540617943,0.04452259330209276,0.010045968927443027,0.990330696105957,0.4999280869960785,0.20856866240501404,0.028331756591796875,513.144960025917,0.0,0.0,0.0,1
32600,inverse_warmup_m1,1.0,0.04993334412574768,0.01934988424181938,0.02191852731630206,0.8061108936866125,0.0,0.01741686835885048,0.10175259574262548,0.010045968927443027,0.990330696105957,0.4999280869960785,0.20856866240501404,0.028331756591796875,513.144960025917,0.0,0.0,0.0,1
32800,inverse_warmup_m1,1.0,0.05032099783420563,0.019590923562645912,0.02191017831986149,0.806707575917244,0.0,0.017142219468951225,0.1002586772976285,0.010045968927443027,0.990330696105957,0.4999280869960785,0.20856866240501404,0.028331756591796875,513.144960025917,0.0,0.0,0.0,1
33000,inverse_warmup_m1,1.0,0.05047328770160675,0.01983797177672386,0.022075230566163857,0.8066717286904653,0.0,0.018136154860258102,0.09163007394616664,0.010045968927443027,0.990330696105957,0.4999280869960785,0.20856866240501404,0.028331756591796875,513.144960025917,0.0,0.0,0.0,1
33200,inverse_warmup_m1,1.0,0.04938628897070885,0.019108446314930916,0.02236311510205269,0.8024942229191462,0.0,0.01731978915631771,0.0926559990635746,0.010045968927443027,0.990330696105957,0.4999280869960785,0.20856866240501404,0.028331756591796875,513.144960025917,0.0,0.0,0.0,1
33400,inverse_warmup_m1,1.0,0.04918866977095604,0.019128108397126198,0.022204904196163017,0.8048207064469656,0.0,0.017744196578860283,0.05419163834433117,0.010045968927443027,0.990330696105957,0.4999280869960785,0.20856866240501404,0.028331756591796875,513.144960025917,0.0,0.0,0.0,1
33600,inverse_warmup_m1,1.0,0.05005107820034027,0.01938953809440136,0.02180181536823511,0.805866613984108,0.0,0.017288409173488617,0.08625040641539515,0.010045968927443027,0.990330696105957,0.4999280869960785,0.20856866240501404,0.028331756591796875,513.144960025917,0.0,0.0,0.0,1
33800,inverse_warmup_m1,1.0,0.049101926386356354,0.018782395869493484,0.02157270194341739,0.8086277892192205,0.0,0.016844915226101875,0.06381725185677867,0.010045968927443027,0.990330696105957,0.4999280869960785,0.20856866240501404,0.028331756591796875,513.144960025917,0.0,0.0,0.0,1
34000,inverse_warmup_m1,1.0,0.04866056889295578,0.01877153478562832,0.02158609451726079,0.8082399169603983,0.0,0.017033740878105164,0.056582537403317104,0.010045968927443027,0.990330696105957,0.4999280869960785,0.20856866240501404,0.028331756591796875,513.144960025917,0.0,0.0,0.0,1
34200,inverse_warmup_m1,1.0,0.04989321157336235,0.019264457747340202,0.021680703852325678,0.809031734863917,0.0,0.01681489311158657,0.06234763266636379,0.010045968927443027,0.990330696105957,0.4999280869960785,0.20856866240501404,0.028331756591796875,513.144960025917,0.0,0.0,0.0,1
34400,inverse_warmup_m1,1.0,0.048791058361530304,0.01880466565489769,0.021930155499527853,0.8082428226868311,0.0,0.016751093789935112,0.05535753227765404,0.010045968927443027,0.990330696105957,0.4999280869960785,0.20856866240501404,0.028331756591796875,513.144960025917,0.0,0.0,0.0,1
34600,inverse_warmup_m1,1.0,0.04955371469259262,0.019302599132061005,0.02185418860365947,0.806951160232226,0.0,0.016944924369454384,0.07901565407087503,0.010045968927443027,0.990330696105957,0.4999280869960785,0.20856866240501404,0.028331756591796875,513.144960025917,0.0,0.0,0.0,1
34800,inverse_warmup_m1,1.0,0.04901896044611931,0.01881592720746994,0.02194703354810675,0.8066728909810384,0.0,0.016601383686065674,0.1021922445405444,0.010045968927443027,0.990330696105957,0.4999280869960785,0.20856866240501404,0.028331756591796875,513.144960025917,0.0,0.0,0.0,1
35000,inverse_warmup_m1,1.0,0.04996822774410248,0.019348133355379105,0.02226686958844463,0.8063429643710455,0.0,0.017316902056336403,0.057034154614844366,0.010045968927443027,0.990330696105957,0.4999280869960785,0.20856866240501404,0.028331756591796875,513.144960025917,0.0,0.0,0.0,1
35200,inverse_warmup_m1,1.0,0.04924378544092178,0.019090836867690086,0.021754364172617596,0.8077553659677505,0.0,0.016663027927279472,0.08392212120762921,0.010045968927443027,0.990330696105957,0.4999280869960785,0.20856866240501404,0.028331756591796875,513.144960025917,0.0,0.0,0.0,1
35400,inverse_warmup_m1,1.0,0.048964790999889374,0.018877757713198662,0.02189810046305259,0.8078154772520065,0.0,0.016521474346518517,0.061904207887701686,0.010045968927443027,0.990330696105957,0.4999280869960785,0.20856866240501404,0.028331756591796875,513.144960025917,0.0,0.0,0.0,1
35600,inverse_warmup_m1,1.0,0.04912590980529785,0.01903480663895607,0.021710676451524098,0.8091927170753479,0.0,0.016689475625753403,0.057887406703746126,0.010045968927443027,0.990330696105957,0.4999280869960785,0.20856866240501404,0.028331756591796875,513.144960025917,0.0,0.0,0.0,1
35800,inverse_warmup_m1,1.0,0.049142200499773026,0.018924903124570847,0.021862851455807686,0.8077078362305959,0.0,0.016925480216741562,0.06028628793201192,0.010045968927443027,0.990330696105957,0.4999280869960785,0.20856866240501404,0.028331756591796875,513.144960025917,0.0,0.0,0.0,1
36000,inverse_warmup_m1,1.0,0.04836662858724594,0.01858646050095558,0.022049984894692898,0.8066994249820709,0.0,0.016924846917390823,0.08295693012066023,0.010045968927443027,0.990330696105957,0.4999280869960785,0.20856866240501404,0.028331756591796875,513.144960025917,0.0,0.0,0.0,1
36200,inverse_warmup_m1,1.0,0.049584612250328064,0.019042639061808586,0.021882483425239723,0.8068340172370275,0.0,0.016524918377399445,0.045981470523099116,0.010045968927443027,0.990330696105957,0.4999280869960785,0.20856866240501404,0.028331756591796875,513.144960025917,0.0,0.0,0.0,1
36400,inverse_warmup_m1,1.0,0.048924520611763,0.018835240975022316,0.021940553095191717,0.8075120051701864,0.0,0.01695595309138298,0.058879509361460684,0.010045968927443027,0.990330696105957,0.4999280869960785,0.20856866240501404,0.028331756591796875,513.144960025917,0.0,0.0,0.0,1
36600,inverse_warmup_m1,1.0,0.049523986876010895,0.019233781844377518,0.02217589784413576,0.8058572262525558,0.0,0.016777753829956055,0.06570803226677664,0.010045968927443027,0.990330696105957,0.4999280869960785,0.20856866240501404,0.028331756591796875,513.144960025917,0.0,0.0,0.0,1
36800,inverse_warmup_m1,1.0,0.04909573495388031,0.018960919231176376,0.02171629263708989,0.8054095854361852,0.0,0.016065597534179688,0.07842529615610015,0.010045968927443027,0.990330696105957,0.4999280869960785,0.20856866240501404,0.028331756591796875,513.144960025917,0.0,0.0,0.0,1
37000,inverse_warmup_m1,1.0,0.05012236535549164,0.01959693245589733,0.02200735096509258,0.8062552760044733,0.0,0.017070533707737923,0.0862569906711149,0.010045968927443027,0.990330696105957,0.4999280869960785,0.20856866240501404,0.028331756591796875,513.144960025917,0.0,0.0,0.0,1
37200,inverse_warmup_m1,1.0,0.04981347173452377,0.019161026924848557,0.02182454088081916,0.8085778305927912,0.0,0.016363875940442085,0.0719746923744904,0.010045968927443027,0.990330696105957,0.4999280869960785,0.20856866240501404,0.028331756591796875,513.144960025917,0.0,0.0,0.0,1
37400,inverse_warmup_m1,1.0,0.04999339580535889,0.019383445382118225,0.021631546163310606,0.8086686680714289,0.0,0.016931967809796333,0.12047755665287675,0.010045968927443027,0.990330696105957,0.4999280869960785,0.20856866240501404,0.028331756591796875,513.144960025917,0.0,0.0,0.0,1
37600,inverse_warmup_m1,1.0,0.04791071265935898,0.018181776627898216,0.021855493541806936,0.8073354214429855,0.0,0.018319206312298775,0.07649679773822636,0.010045968927443027,0.990330696105957,0.4999280869960785,0.20856866240501404,0.028331756591796875,513.144960025917,0.0,0.0,0.0,1
37800,inverse_warmup_m1,1.0,0.04965975135564804,0.019298704341053963,0.022162264678627253,0.8065666059652964,0.0,0.01681598462164402,0.10688789768099802,0.010045968927443027,0.990330696105957,0.4999280869960785,0.20856866240501404,0.028331756591796875,513.144960025917,0.0,0.0,0.0,1
38000,inverse_warmup_m1,1.0,0.04885293170809746,0.01880098134279251,0.021952360558013122,0.8066090494394302,0.0,0.016838068142533302,0.07917794297271655,0.010045968927443027,0.990330696105957,0.4999280869960785,0.20856866240501404,0.028331756591796875,513.144960025917,0.0,0.0,0.0,1
38200,inverse_warmup_m1,1.0,0.04930853843688965,0.018919669091701508,0.02173449145630002,0.8086125552654266,0.0,0.016384590417146683,0.06411889732967195,0.010045968927443027,0.990330696105957,0.4999280869960785,0.20856866240501404,0.028331756591796875,513.144960025917,0.0,0.0,0.0,1
38400,inverse_warmup_m1,1.0,0.04955302178859711,0.01903984136879444,0.0215473057081302,0.8084185073773066,0.0,0.0163708683103323,0.036503240995140226,0.010045968927443027,0.990330696105957,0.4999280869960785,0.20856866240501404,0.028331756591796875,513.144960025917,0.0,0.0,0.0,1
38600,inverse_warmup_m1,1.0,0.048629701137542725,0.018628519028425217,0.021730726584792137,0.8081330209970474,0.0,0.016037490218877792,0.04121955895046475,0.010045968927443027,0.990330696105957,0.4999280869960785,0.20856866240501404,0.028331756591796875,513.144960025917,0.0,0.0,0.0,1
38800,inverse_warmup_m1,1.0,0.049757178872823715,0.019201260060071945,0.021806117457648117,0.8092545121908188,0.0,0.0161699540913105,0.05397317060482913,0.010045968927443027,0.990330696105957,0.4999280869960785,0.20856866240501404,0.028331756591796875,513.144960025917,0.0,0.0,0.0,1
39000,inverse_warmup_m1,1.0,0.04916702210903168,0.019088948145508766,0.021604606416076422,0.8093389868736267,0.0,0.01645403727889061,0.10293550837719091,0.010045968927443027,0.990330696105957,0.4999280869960785,0.20856866240501404,0.028331756591796875,513.144960025917,0.0,0.0,0.0,1
39200,inverse_warmup_m1,1.0,0.04928288608789444,0.018883880227804184,0.02182891359552741,0.8074085265398026,0.0,0.016291862353682518,0.06546645153846402,0.010045968927443027,0.990330696105957,0.4999280869960785,0.20856866240501404,0.028331756591796875,513.144960025917,0.0,0.0,0.0,1
39400,inverse_warmup_m1,1.0,0.04942110925912857,0.019181709736585617,0.021759444071600836,0.8098651319742203,0.0,0.016329647973179817,0.06614700451791196,0.010045968927443027,0.990330696105957,0.4999280869960785,0.20856866240501404,0.028331756591796875,513.144960025917,0.0,0.0,0.0,1
39600,inverse_warmup_m1,1.0,0.049669064581394196,0.019030224531888962,0.021954932094862063,0.807437668244044,0.0,0.016514912247657776,0.10087059272925958,0.010045968927443027,0.990330696105957,0.4999280869960785,0.20856866240501404,0.028331756591796875,513.144960025917,0.0,0.0,0.0,1
39800,inverse_warmup_m1,1.0,0.04947737231850624,0.018993429839611053,0.02166814807181557,0.809067890048027,0.0,0.016140872612595558,0.038296703772755035,0.010045968927443027,0.990330696105957,0.4999280869960785,0.20856866240501404,0.028331756591796875,513.144960025917,0.0,0.0,0.0,1
40000,inverse_warmup_m1,1.0,0.04984632879495621,0.019435763359069824,0.021551775590827067,0.8102721174558004,0.0,0.016071846708655357,0.049441000032247266,0.010045968927443027,0.990330696105957,0.4999280869960785,0.20856866240501404,0.028331756591796875,513.144960025917,0.0,0.0,0.0,1
40200,inverse_warmup_m1,1.0,0.04940003156661987,0.019087107852101326,0.021501651499420404,0.8088785310586294,0.0,0.016054527834057808,0.06390875628195089,0.010045968927443027,0.990330696105957,0.4999280869960785,0.20856866240501404,0.028331756591796875,513.144960025917,0.0,0.0,0.0,1
40400,inverse_warmup_m1,1.0,0.04932491481304169,0.01893773302435875,0.021794059003392856,0.806308850646019,0.0,0.016054250299930573,0.06563977492976984,0.010045968927443027,0.990330696105957,0.4999280869960785,0.20856866240501404,0.028331756591796875,513.144960025917,0.0,0.0,0.0,1
40600,inverse_warmup_m1,1.0,0.048885904252529144,0.018807269632816315,0.021619367102781933,0.8098771671454111,0.0,0.01587131805717945,0.07643258073074871,0.010045968927443027,0.990330696105957,0.4999280869960785,0.20856866240501404,0.028331756591796875,513.144960025917,0.0,0.0,0.0,1
40800,inverse_warmup_m1,1.0,0.04890570044517517,0.018761489540338516,0.021875155624002218,0.8052032192548116,0.0,0.01564035378396511,0.08880035787234794,0.010045968927443027,0.990330696105957,0.4999280869960785,0.20856866240501404,0.028331756591796875,513.144960025917,0.0,0.0,0.0,1
41000,inverse_warmup_m1,1.0,0.05013522505760193,0.019636541604995728,0.021744396692762773,0.8078234146038691,0.0,0.016590874642133713,0.08119230995881709,0.010045968927443027,0.990330696105957,0.4999280869960785,0.20856866240501404,0.028331756591796875,513.144960025917,0.0,0.0,0.0,1
41200,inverse_warmup_m1,1.0,0.04945816099643707,0.019402986392378807,0.02192336196700732,0.808334638675054,0.0,0.016410643234848976,0.10148377221448084,0.010045968927443027,0.990330696105957,0.4999280869960785,0.20856866240501404,0.028331756591796875,513.144960025917,0.0,0.0,0.0,1
41400,inverse_warmup_m1,1.0,0.049766287207603455,0.01916123367846012,0.02166530303657055,0.8079732060432434,0.0,0.016030246391892433,0.1490460370511647,0.010045968927443027,0.990330696105957,0.4999280869960785,0.20856866240501404,0.028331756591796875,513.144960025917,0.0,0.0,0.0,1
41600,inverse_warmup_m1,1.0,0.04893864691257477,0.018800821155309677,0.02158198133111,0.8086879650751749,0.0,0.015749264508485794,0.055606769136921454,0.010045968927443027,0.990330696105957,0.4999280869960785,0.20856866240501404,0.028331756591796875,513.144960025917,0.0,0.0,0.0,1
41800,inverse_warmup_m1,1.0,0.04932957887649536,0.018952753394842148,0.021527639590203762,0.8088189661502838,0.0,0.015787333250045776,0.04489446326422913,0.010045968927443027,0.990330696105957,0.4999280869960785,0.20856866240501404,0.028331756591796875,513.144960025917,0.0,0.0,0.0,1
42000,inverse_warmup_m1,1.0,0.04902729392051697,0.01890280656516552,0.02164473927890261,0.809816857179006,0.0,0.01566033996641636,0.053010806742762526,0.010045968927443027,0.990330696105957,0.4999280869960785,0.20856866240501404,0.028331756591796875,513.144960025917,0.0,0.0,0.0,1
42200,inverse_warmup_m1,1.0,0.049250222742557526,0.018908780068159103,0.021703231769303482,0.8081078479687372,0.0,0.01554683968424797,0.03463296342986368,0.010045968927443027,0.990330696105957,0.4999280869960785,0.20856866240501404,0.028331756591796875,513.144960025917,0.0,0.0,0.0,1
42400,inverse_warmup_m1,1.0,0.049488890916109085,0.019265539944171906,0.02186897723004222,0.8079678217569987,0.0,0.01576048508286476,0.08733897886546928,0.010045968927443027,0.990330696105957,0.4999280869960785,0.20856866240501404,0.028331756591796875,513.144960025917,0.0,0.0,0.0,1
42600,inverse_warmup_m1,1.0,0.048486705869436264,0.018639877438545227,0.021669837646186352,0.8087951640288035,0.0,0.015367988497018814,0.053034650562298266,0.010045968927443027,0.990330696105957,0.4999280869960785,0.20856866240501404,0.028331756591796875,513.144960025917,0.0,0.0,0.0,1
42800,inverse_warmup_m1,1.0,0.048765189945697784,0.018819915130734444,0.021609866215536993,0.809124211470286,0.0,0.015950098633766174,0.08133190360518171,0.010045968927443027,0.990330696105957,0.4999280869960785,0.20856866240501404,0.028331756591796875,513.144960025917,0.0,0.0,0.0,1
43000,inverse_warmup_m1,1.0,0.0488620288670063,0.018725473433732986,0.022013929827759664,0.8075094173351923,0.0,0.015846598893404007,0.07740894744122309,0.010045968927443027,0.990330696105957,0.4999280869960785,0.20856866240501404,0.028331756591796875,513.144960025917,0.0,0.0,0.0,1
43200,inverse_warmup_m1,1.0,0.048772383481264114,0.018680855631828308,0.02177521012102564,0.807385633389155,0.0,0.015528923831880093,0.0850135382691607,0.010045968927443027,0.990330696105957,0.4999280869960785,0.20856866240501404,0.028331756591796875,513.144960025917,0.0,0.0,0.0,1
43400,inverse_warmup_m1,1.0,0.0483483225107193,0.01852807030081749,0.02181554182122151,0.8068054219086965,0.0,0.01553103793412447,0.07888656182585958,0.010045968927443027,0.990330696105957,0.4999280869960785,0.20856866240501404,0.028331756591796875,513.144960025917,0.0,0.0,0.0,1
43600,inverse_warmup_m1,1.0,0.04944701865315437,0.0189800001680851,0.02169673532868425,0.809088741739591,0.0,0.015047581866383553,0.05918692831086538,0.010045968927443027,0.990330696105957,0.4999280869960785,0.20856866240501404,0.028331756591796875,513.144960025917,0.0,0.0,0.0,1
43800,inverse_warmup_m1,1.0,0.04871394485235214,0.018630988895893097,0.02177564116815726,0.8086261550585429,0.0,0.015196775086224079,0.09556333012291046,0.010045968927443027,0.990330696105957,0.4999280869960785,0.20856866240501404,0.028331756591796875,513.144960025917,0.0,0.0,0.0,1
44000,inverse_warmup_m1,1.0,0.049397557973861694,0.0192045159637928,0.021953314697990816,0.8073362310727438,0.0,0.015154770575463772,0.09071960662379912,0.010045968927443027,0.990330696105957,0.4999280869960785,0.20856866240501404,0.028331756591796875,513.144960025917,0.0,0.0,0.0,1
44200,inverse_warmup_m1,1.0,0.04867377504706383,0.01864929497241974,0.022439396164069574,0.8038193086783091,0.0,0.014888932928442955,0.06550898503071642,0.010045968927443027,0.990330696105957,0.4999280869960785,0.20856866240501404,0.028331756591796875,513.144960025917,0.0,0.0,0.0,1
44400,inverse_warmup_m1,1.0,0.05129192769527435,0.02017071284353733,0.02243161651616295,0.8038334796826044,0.0,0.015578709542751312,0.08574377382091043,0.010045968927443027,0.990330696105957,0.4999280869960785,0.20856866240501404,0.028331756591796875,513.144960025917,0.0,0.0,0.0,1
44600,inverse_warmup_m1,1.0,0.04899964481592178,0.018846962600946426,0.021590600721538067,0.8093105008204778,0.0,0.015209845267236233,0.08025120095741844,0.010045968927443027,0.990330696105957,0.4999280869960785,0.20856866240501404,0.028331756591796875,513.144960025917,0.0,0.0,0.0,1
44800,inverse_warmup_m1,1.0,0.04872457683086395,0.01877271942794323,0.021994955837726593,0.8058805813392004,0.0,0.01518223900347948,0.07982607240732477,0.010045968927443027,0.990330696105957,0.4999280869960785,0.20856866240501404,0.028331756591796875,513.144960025917,0.0,0.0,0.0,1
45000,inverse_warmup_m1,1.0,0.0489393025636673,0.01883852109313011,0.021714727859944105,0.8080188532670339,0.0,0.015230266377329826,0.06410472225599077,0.010045968927443027,0.990330696105957,0.4999280869960785,0.20856866240501404,0.028331756591796875,513.144960025917,0.0,0.0,0.0,1
45200,inverse_warmup_m1,1.0,0.048730842769145966,0.018639206886291504,0.021658227468530338,0.8091348310311636,0.0,0.015371030196547508,0.06968571154764715,0.010045968927443027,0.990330696105957,0.4999280869960785,0.20856866240501404,0.028331756591796875,513.144960025917,0.0,0.0,0.0,1
45400,inverse_warmup_m1,1.0,0.04806564748287201,0.01820461079478264,0.021458116204788286,0.8091412335634232,0.0,0.014957490377128124,0.07433233679904588,0.010045968927443027,0.990330696105957,0.4999280869960785,0.20856866240501404,0.028331756591796875,513.144960025917,0.0,0.0,0.0,1
45600,inverse_warmup_m1,1.0,0.04964105039834976,0.019215956330299377,0.0220447628137966,0.8058929294347763,0.0,0.015649016946554184,0.11439455165052852,0.010045968927443027,0.990330696105957,0.4999280869960785,0.20856866240501404,0.028331756591796875,513.144960025917,0.0,0.0,0.0,1
45800,inverse_warmup_m1,1.0,0.04894769936800003,0.018670981749892235,0.022203904421379168,0.8051910549402237,0.0,0.014891667291522026,0.05667734581980991,0.010045968927443027,0.990330696105957,0.4999280869960785,0.20856866240501404,0.028331756591796875,513.144960025917,0.0,0.0,0.0,1
46000,inverse_warmup_m1,1.0,0.04913263022899628,0.018792305141687393,0.0218274366731445,0.8085467517375946,0.0,0.014913228340446949,0.05822742921545775,0.010045968927443027,0.990330696105957,0.4999280869960785,0.20856866240501404,0.028331756591796875,513.144960025917,0.0,0.0,0.0,1
46200,inverse_warmup_m1,1.0,0.04849058389663696,0.018708163872361183,0.0215310404698054,0.8089991559584936,0.0,0.014730329625308514,0.06304110734259845,0.010045968927443027,0.990330696105957,0.4999280869960785,0.20856866240501404,0.028331756591796875,513.144960025917,0.0,0.0,0.0,1
46400,inverse_warmup_m1,1.0,0.04935143515467644,0.019103651866316795,0.021844555468608935,0.8078319778045019,0.0,0.015245523303747177,0.05192916068578324,0.010045968927443027,0.990330696105957,0.4999280869960785,0.20856866240501404,0.028331756591796875,513.144960025917,0.0,0.0,0.0,1
46600,inverse_warmup_m1,1.0,0.049120642244815826,0.018880106508731842,0.02170317868391673,0.8107559333244959,0.0,0.015346202999353409,0.05306350589908391,0.010045968927443027,0.990330696105957,0.4999280869960785,0.20856866240501404,0.028331756591796875,513.144960025917,0.0,0.0,0.0,1
46800,inverse_warmup_m1,1.0,0.04916825145483017,0.018785638734698296,0.021484300959855318,0.809502845009168,0.0,0.014931312762200832,0.0632707623780208,0.010045968927443027,0.990330696105957,0.4999280869960785,0.20856866240501404,0.028331756591796875,513.144960025917,0.0,0.0,0.0,1
47000,inverse_warmup_m1,1.0,0.04751476272940636,0.017859242856502533,0.021729161341985066,0.8090109378099442,0.0,0.0165262334048748,0.13806050326982275,0.010045968927443027,0.990330696105957,0.4999280869960785,0.20856866240501404,0.028331756591796875,513.144960025917,0.0,0.0,0.0,1
47200,inverse_warmup_m1,1.0,0.04884800314903259,0.018791204318404198,0.021710217154274385,0.8099260081847509,0.0,0.014835226349532604,0.0693676862022842,0.010045968927443027,0.990330696105957,0.4999280869960785,0.20856866240501404,0.028331756591796875,513.144960025917,0.0,0.0,0.0,1
47400,inverse_warmup_m1,1.0,0.04808074235916138,0.01834951341152191,0.02182375251625975,0.8076983292897543,0.0,0.015189709141850471,0.055436232821875174,0.010045968927443027,0.990330696105957,0.4999280869960785,0.20856866240501404,0.028331756591796875,513.144960025917,0.0,0.0,0.0,1
47600,inverse_warmup_m1,1.0,0.048953283578157425,0.01878221146762371,0.021557919681072235,0.8099151899417242,0.0,0.015315231867134571,0.12024597661607658,0.010045968927443027,0.990330696105957,0.4999280869960785,0.20856866240501404,0.028331756591796875,513.144960025917,0.0,0.0,0.0,1
47800,inverse_warmup_m1,1.0,0.04943830147385597,0.01892104558646679,0.02165047622596224,0.8073092003663381,0.0,0.015134559944272041,0.10640637932006694,0.010045968927443027,0.990330696105957,0.4999280869960785,0.20856866240501404,0.028331756591796875,513.144960025917,0.0,0.0,0.0,1
48000,inverse_warmup_m1,1.0,0.04835081845521927,0.01847587153315544,0.02154294215142727,0.8095054427782694,0.0,0.01485870685428381,0.0662021323609057,0.010045968927443027,0.990330696105957,0.4999280869960785,0.20856866240501404,0.028331756591796875,513.144960025917,0.0,0.0,0.0,1
48200,inverse_warmup_m1,1.0,0.049299031496047974,0.018951276317238808,0.02181225223466754,0.809179812669754,0.0,0.014893206767737865,0.05262424184528466,0.010045968927443027,0.990330696105957,0.4999280869960785,0.20856866240501404,0.028331756591796875,513.144960025917,0.0,0.0,0.0,1
48400,inverse_warmup_m1,1.0,0.04883143678307533,0.018774371594190598,0.021700800396502018,0.8094161152839661,0.0,0.015176856890320778,0.07636990786372543,0.010045968927443027,0.990330696105957,0.4999280869960785,0.20856866240501404,0.028331756591796875,513.144960025917,0.0,0.0,0.0,1
48600,inverse_warmup_m1,1.0,0.048981428146362305,0.018689826130867004,0.0218747368392845,0.8075093825658163,0.0,0.01485345046967268,0.08206492698421614,0.010045968927443027,0.990330696105957,0.4999280869960785,0.20856866240501404,0.028331756591796875,513.144960025917,0.0,0.0,0.0,1
48800,inverse_warmup_m1,1.0,0.049403831362724304,0.01914045587182045,0.022011634583274525,0.809482271472613,0.0,0.015155265107750893,0.10180616296756381,0.010045968927443027,0.990330696105957,0.4999280869960785,0.20856866240501404,0.028331756591796875,513.144960025917,0.0,0.0,0.0,1
49000,inverse_warmup_m1,1.0,0.05018001049757004,0.019191989675164223,0.021648933179676533,0.8100654383500417,0.0,0.015376481227576733,0.21436752751323623,0.010045968927443027,0.990330696105957,0.4999280869960785,0.20856866240501404,0.028331756591796875,513.144960025917,0.0,0.0,0.0,1
49200,inverse_warmup_m1,1.0,0.049734242260456085,0.019312337040901184,0.021789588189373415,0.808360089858373,0.0,0.015100009739398956,0.11212073642154863,0.010045968927443027,0.990330696105957,0.4999280869960785,0.20856866240501404,0.028331756591796875,513.144960025917,0.0,0.0,0.0,1
49400,inverse_warmup_m1,1.0,0.049788907170295715,0.019344031810760498,0.021520561693857115,0.8097856740156809,0.0,0.015283366665244102,0.11009017498850285,0.010045968927443027,0.990330696105957,0.4999280869960785,0.20856866240501404,0.028331756591796875,513.144960025917,0.0,0.0,0.0,1
49600,inverse_warmup_m1,1.0,0.04923614487051964,0.01895517110824585,0.02176030787328879,0.806126669049263,0.0,0.014744384214282036,0.06947047874317612,0.010045968927443027,0.990330696105957,0.4999280869960785,0.20856866240501404,0.028331756591796875,513.144960025917,0.0,0.0,0.0,1
49800,inverse_warmup_m1,1.0,0.049262404441833496,0.018907062709331512,0.021801485680043697,0.8067543854316076,0.0,0.01672898791730404,0.09471428574960071,0.010045968927443027,0.990330696105957,0.4999280869960785,0.20856866240501404,0.028331756591796875,513.144960025917,0.0,0.0,0.0,1
50000,inverse_warmup_m1,1.0,0.04896081984043121,0.01876453310251236,0.022016675987591345,0.8093493978182474,0.0,0.014264401979744434,0.0636703436793373,0.010045968927443027,0.990330696105957,0.4999280869960785,0.20856866240501404,0.028331756591796875,513.144960025917,0.0,0.0,0.0,1
50200,inverse_warmup_m1,1.0,0.04898800328373909,0.018627755343914032,0.021880563503752153,0.8055912454922994,0.0,0.01444955263286829,0.1152694053694135,0.010045968927443027,0.990330696105957,0.4999280869960785,0.20856866240501404,0.028331756591796875,513.144960025917,0.0,0.0,0.0,1
50400,inverse_warmup_m1,1.0,0.050001490861177444,0.019280510023236275,0.021901693815986317,0.8070630232493082,0.0,0.01503600925207138,0.08506112506781782,0.010045968927443027,0.990330696105957,0.4999280869960785,0.20856866240501404,0.028331756591796875,513.144960025917,0.0,0.0,0.0,1
50600,inverse_warmup_m1,1.0,0.049152836203575134,0.019112437963485718,0.02222232489536206,0.8060890932877859,0.0,0.014744768850505352,0.09549219321864644,0.010045968927443027,0.990330696105957,0.4999280869960785,0.20856866240501404,0.028331756591796875,513.144960025917,0.0,0.0,0.0,1
50800,inverse_warmup_m1,1.0,0.04886838048696518,0.018740376457571983,0.02155486447736621,0.81031201283137,0.0,0.01438366062939167,0.07444125874220628,0.010045968927443027,0.990330696105957,0.4999280869960785,0.20856866240501404,0.028331756591796875,513.144960025917,0.0,0.0,0.0,1
51000,inverse_warmup_m1,1.0,0.0482528991997242,0.01837378740310669,0.021383447883029778,0.8107404361168543,0.0,0.014386582188308239,0.04393417245860371,0.010045968927443027,0.990330696105957,0.4999280869960785,0.20856866240501404,0.028331756591796875,513.144960025917,0.0,0.0,0.0,1
51200,inverse_warmup_m1,1.0,0.04901294782757759,0.018739275634288788,0.021527275598297518,0.8103025853633881,0.0,0.014633049257099628,0.05200075686121817,0.010045968927443027,0.990330696105957,0.4999280869960785,0.20856866240501404,0.028331756591796875,513.144960025917,0.0,0.0,0.0,1
51400,inverse_warmup_m1,1.0,0.048580244183540344,0.018678467720746994,0.021587453006456297,0.8072775701681772,0.0,0.014492565765976906,0.059559641981763695,0.010045968927443027,0.990330696105957,0.4999280869960785,0.20856866240501404,0.028331756591796875,513.144960025917,0.0,0.0,0.0,1
51600,inverse_warmup_m1,1.0,0.049082718789577484,0.018921244889497757,0.022077735358228285,0.8066481997569402,0.0,0.01474036369472742,0.06724350515178,0.010045968927443027,0.990330696105957,0.4999280869960785,0.20856866240501404,0.028331756591796875,513.144960025917,0.0,0.0,0.0,1
51800,inverse_warmup_m1,1.0,0.04905545711517334,0.01901424303650856,0.021633487194776535,0.8096674531698227,0.0,0.014804861508309841,0.06419168200814747,0.010045968927443027,0.990330696105957,0.4999280869960785,0.20856866240501404,0.028331756591796875,513.144960025917,0.0,0.0,0.0,1
52000,inverse_warmup_m1,1.0,0.048208534717559814,0.01841927319765091,0.021448493314286072,0.8100155144929886,0.0,0.01397794671356678,0.07653992851164973,0.010045968927443027,0.990330696105957,0.4999280869960785,0.20856866240501404,0.028331756591796875,513.144960025917,0.0,0.0,0.0,1
52200,inverse_warmup_m1,1.0,0.04834083840250969,0.018653929233551025,0.02188863108555476,0.8102371245622635,0.0,0.01443402748554945,0.08008448074963427,0.010045968927443027,0.990330696105957,0.4999280869960785,0.20856866240501404,0.028331756591796875,513.144960025917,0.0,0.0,0.0,1
52400,inverse_warmup_m1,1.0,0.048388831317424774,0.018342752009630203,0.02140248954916994,0.8099660575389862,0.0,0.014236116781830788,0.057753918348616935,0.010045968927443027,0.990330696105957,0.4999280869960785,0.20856866240501404,0.028331756591796875,513.144960025917,0.0,0.0,0.0,1
52600,inverse_warmup_m1,1.0,0.048043690621852875,0.018222475424408913,0.021577144972980022,0.8084128250678381,0.0,0.014173672534525394,0.05517136029740631,0.010045968927443027,0.990330696105957,0.4999280869960785,0.20856866240501404,0.028331756591796875,513.144960025917,0.0,0.0,0.0,1
52800,inverse_warmup_m1,1.0,0.04793552681803703,0.018305879086256027,0.02191485200698177,0.8096469839413961,0.0,0.014134101569652557,0.07959206731981872,0.010045968927443027,0.990330696105957,0.4999280869960785,0.20856866240501404,0.028331756591796875,513.144960025917,0.0,0.0,0.0,1
53000,inverse_warmup_m1,1.0,0.049245115369558334,0.01882227510213852,0.021634959460546572,0.811065192023913,0.0,0.01395337749272585,0.09233029215045407,0.010045968927443027,0.990330696105957,0.4999280869960785,0.20856866240501404,0.028331756591796875,513.144960025917,0.0,0.0,0.0,1
53200,inverse_warmup_m1,1.0,0.048246532678604126,0.01836862787604332,0.021845528700699408,0.8080616692701975,0.0,0.014138988219201565,0.09315656304100746,0.010045968927443027,0.990330696105957,0.4999280869960785,0.20856866240501404,0.028331756591796875,513.144960025917,0.0,0.0,0.0,1
53400,inverse_warmup_m1,1.0,0.049054455012083054,0.01900450885295868,0.02157776275028785,0.807995984951655,0.0,0.014505023136734962,0.09619283133334176,0.010045968927443027,0.990330696105957,0.4999280869960785,0.20856866240501404,0.028331756591796875,513.144960025917,0.0,0.0,0.0,1
53600,inverse_warmup_m1,1.0,0.048601001501083374,0.018547004088759422,0.0218596956692636,0.806668703754743,0.0,0.014347061514854431,0.10752940698952752,0.010045968927443027,0.990330696105957,0.4999280869960785,0.20856866240501404,0.028331756591796875,513.144960025917,0.0,0.0,0.0,1
53800,inverse_warmup_m1,1.0,0.049241431057453156,0.0190107598900795,0.02194094828640421,0.8090922782818476,0.0,0.014468868263065815,0.08051844701550914,0.010045968927443027,0.990330696105957,0.4999280869960785,0.20856866240501404,0.028331756591796875,513.144960025917,0.0,0.0,0.0,1
54000,inverse_warmup_m1,1.0,0.048444315791130066,0.018422361463308334,0.022110619737456243,0.8057578355073929,0.0,0.013978825882077217,0.06937846852936294,0.010045968927443027,0.990330696105957,0.4999280869960785,0.20856866240501404,0.028331756591796875,513.144960025917,0.0,0.0,0.0,1
54200,inverse_warmup_m1,1.0,0.04816916584968567,0.018364207819104195,0.021605354112883408,0.8105362206697464,0.0,0.013940264470875263,0.0768244916435238,0.010045968927443027,0.990330696105957,0.4999280869960785,0.20856866240501404,0.028331756591796875,513.144960025917,0.0,0.0,0.0,1
54400,inverse_warmup_m1,1.0,0.04852161929011345,0.0186459980905056,0.02181030499438445,0.8088242610295614,0.0,0.014004855416715145,0.06597200479875533,0.010045968927443027,0.990330696105957,0.4999280869960785,0.20856866240501404,0.028331756591796875,513.144960025917,0.0,0.0,0.0,1
54600,inverse_warmup_m1,1.0,0.04820194095373154,0.01836467906832695,0.02148604393005371,0.8112469464540482,0.0,0.013978452421724796,0.055494919766720274,0.010045968927443027,0.990330696105957,0.4999280869960785,0.20856866240501404,0.028331756591796875,513.144960025917,0.0,0.0,0.0,1
54800,inverse_warmup_m1,1.0,0.0474327988922596,0.018003379926085472,0.021582578619321186,0.8104802072048187,0.0,0.013891718350350857,0.03600108860954273,0.010045968927443027,0.990330696105957,0.4999280869960785,0.20856866240501404,0.028331756591796875,513.144960025917,0.0,0.0,0.0,1
55000,inverse_warmup_m1,1.0,0.05160084366798401,0.02042975276708603,0.022030284938712914,0.8051702082157135,0.0,0.013725371100008488,0.06597026848530006,0.010045968927443027,0.990330696105957,0.4999280869960785,0.20856866240501404,0.028331756591796875,513.144960025917,0.0,0.0,0.0,1
55200,inverse_warmup_m1,1.0,0.04824391379952431,0.018387915566563606,0.021633736168344814,0.8095262597004572,0.0,0.01377456821501255,0.03463590221730387,0.010045968927443027,0.990330696105957,0.4999280869960785,0.20856866240501404,0.028331756591796875,513.144960025917,0.0,0.0,0.0,1
55400,inverse_warmup_m1,1.0,0.04863850772380829,0.01865673065185547,0.021837866709878046,0.8091562042633692,0.0,0.01389913447201252,0.05131671172366737,0.010045968927443027,0.990330696105957,0.4999280869960785,0.20856866240501404,0.028331756591796875,513.144960025917,0.0,0.0,0.0,1
55600,inverse_warmup_m1,1.0,0.047925300896167755,0.01829073578119278,0.021488682211687166,0.80996140340964,0.0,0.013540366664528847,0.04662100338373546,0.010045968927443027,0.990330696105957,0.4999280869960785,0.20856866240501404,0.028331756591796875,513.144960025917,0.0,0.0,0.0,1
55800,inverse_warmup_m1,1.0,0.04896756261587143,0.018830949440598488,0.02202187618240714,0.8060956100622813,0.0,0.01392700057476759,0.04684925567681811,0.010045968927443027,0.990330696105957,0.4999280869960785,0.20856866240501404,0.028331756591796875,513.144960025917,0.0,0.0,0.0,1
56000,inverse_warmup_m1,1.0,0.048785097897052765,0.018758602440357208,0.021617835542807978,0.8112864295641581,0.0,0.01434269268065691,0.07846459366311456,0.010045968927443027,0.990330696105957,0.4999280869960785,0.20856866240501404,0.028331756591796875,513.144960025917,0.0,0.0,0.0,1
56200,inverse_warmup_m1,1.0,0.04895678162574768,0.018690191209316254,0.021345183718949556,0.8110279937585195,0.0,0.013721355237066746,0.056459839444312064,0.010045968927443027,0.990330696105957,0.4999280869960785,0.20856866240501404,0.028331756591796875,513.144960025917,0.0,0.0,0.0,1
56400,inverse_warmup_m1,1.0,0.04705052822828293,0.017678657546639442,0.021401477977633476,0.8114298631747564,0.0,0.015382606536149979,0.10875937647186551,0.010045968927443027,0.990330696105957,0.4999280869960785,0.20856866240501404,0.028331756591796875,513.144960025917,0.0,0.0,0.0,1
56600,inverse_warmup_m1,1.0,0.04814326763153076,0.018390890210866928,0.021607282105833292,0.8113650878270467,0.0,0.01374648418277502,0.03408595444758102,0.010045968927443027,0.990330696105957,0.4999280869960785,0.20856866240501404,0.028331756591796875,513.144960025917,0.0,0.0,0.0,1
56800,inverse_warmup_m1,1.0,0.04776546359062195,0.018222372978925705,0.021376462342838447,0.8113293300072352,0.0,0.01421333197504282,0.06721794965017953,0.010045968927443027,0.990330696105957,0.4999280869960785,0.20856866240501404,0.028331756591796875,513.144960025917,0.0,0.0,0.0,1
57000,inverse_warmup_m1,1.0,0.048457637429237366,0.01842469349503517,0.021707970493783552,0.8095877319574356,0.0,0.014028369449079037,0.07175093427542277,0.010045968927443027,0.990330696105957,0.4999280869960785,0.20856866240501404,0.028331756591796875,513.144960025917,0.0,0.0,0.0,1
57200,inverse_warmup_m1,1.0,0.048986949026584625,0.018653225153684616,0.02132117220511039,0.8096100588639578,0.0,0.014140996150672436,0.09790560587735449,0.010045968927443027,0.990330696105957,0.4999280869960785,0.20856866240501404,0.028331756591796875,513.144960025917,0.0,0.0,0.0,1
57400,inverse_warmup_m1,1.0,0.04796149581670761,0.018151022493839264,0.022077659300218027,0.8087792694568634,0.0,0.013524774461984634,0.05872967912774331,0.010045968927443027,0.990330696105957,0.4999280869960785,0.20856866240501404,0.028331756591796875,513.144960025917,0.0,0.0,0.0,1
57600,inverse_warmup_m1,1.0,0.04903949797153473,0.01869930513203144,0.021452158068617184,0.8114868501822153,0.0,0.013559453189373016,0.06437957161307434,0.010045968927443027,0.990330696105957,0.4999280869960785,0.20856866240501404,0.028331756591796875,513.144960025917,0.0,0.0,0.0,1
57800,inverse_warmup_m1,1.0,0.04856303334236145,0.018718380481004715,0.02138988906517625,0.8110452989737192,0.0,0.013936690054833889,0.057561978618331136,0.010045968927443027,0.990330696105957,0.4999280869960785,0.20856866240501404,0.028331756591796875,513.144960025917,0.0,0.0,0.0,1
58000,inverse_warmup_m1,1.0,0.04849482327699661,0.01843435689806938,0.021500214313467342,0.8098328312238058,0.0,0.013879562728106976,0.07820777233969305,0.010045968927443027,0.990330696105957,0.4999280869960785,0.20856866240501404,0.028331756591796875,513.144960025917,0.0,0.0,0.0,1
58200,inverse_warmup_m1,1.0,0.048546623438596725,0.018496554344892502,0.02141428521523873,0.8115668892860413,0.0,0.013888111338019371,0.055020200141325915,0.010045968927443027,0.990330696105957,0.4999280869960785,0.20856866240501404,0.028331756591796875,513.144960025917,0.0,0.0,0.0,1
58400,inverse_warmup_m1,1.0,0.04901904612779617,0.018732629716396332,0.021363018391033013,0.8091081082820892,0.0,0.014150302857160568,0.08160354452568581,0.010045968927443027,0.990330696105957,0.4999280869960785,0.20856866240501404,0.028331756591796875,513.144960025917,0.0,0.0,0.0,1
58600,inverse_warmup_m1,1.0,0.04923008382320404,0.018831420689821243,0.02178567337493102,0.8089139262835184,0.0,0.013834971003234386,0.09261548468742845,0.010045968927443027,0.990330696105957,0.4999280869960785,0.20856866240501404,0.028331756591796875,513.144960025917,0.0,0.0,0.0,1
58800,inverse_warmup_m1,1.0,0.04931658133864403,0.019230935722589493,0.021479828904072445,0.8090702046950659,0.0,0.014255011454224586,0.0873509214368251,0.010045968927443027,0.990330696105957,0.4999280869960785,0.20856866240501404,0.028331756591796875,513.144960025917,0.0,0.0,0.0,1
59000,inverse_warmup_m1,1.0,0.04894278943538666,0.01887671649456024,0.021287825269003708,0.8092732578516006,0.0,0.013698380440473557,0.0905633590706223,0.010045968927443027,0.990330696105957,0.4999280869960785,0.20856866240501404,0.028331756591796875,513.144960025917,0.0,0.0,0.0,1
59200,inverse_warmup_m1,1.0,0.04862624406814575,0.01851152442395687,0.02152231630558769,0.8112640927235285,0.0,0.013724859803915024,0.05979591010619014,0.010045968927443027,0.990330696105957,0.4999280869960785,0.20856866240501404,0.028331756591796875,513.144960025917,0.0,0.0,0.0,1
59400,inverse_warmup_m1,1.0,0.04800141602754593,0.018232692033052444,0.02145681483671069,0.8118738730748495,0.0,0.013617701828479767,0.05405121331553764,0.010045968927443027,0.990330696105957,0.4999280869960785,0.20856866240501404,0.028331756591796875,513.144960025917,0.0,0.0,0.0,1
59600,inverse_warmup_m1,1.0,0.04800516739487648,0.018107499927282333,0.02198245810965697,0.806177074710528,0.0,0.01338726282119751,0.05026933064939422,0.010045968927443027,0.990330696105957,0.4999280869960785,0.20856866240501404,0.028331756591796875,513.144960025917,0.0,0.0,0.0,1
59800,inverse_warmup_m1,1.0,0.04930967837572098,0.019091317430138588,0.02139684713135163,0.8114024450381597,0.0,0.01396858412772417,0.060916317885147626,0.010045968927443027,0.990330696105957,0.4999280869960785,0.20856866240501404,0.028331756591796875,513.144960025917,0.0,0.0,0.0,1
60000,inverse_warmup_m1,1.0,0.04902935028076172,0.019025713205337524,0.021744010038673878,0.8096832434336344,0.0,0.01408662460744381,0.14026792303133212,0.010045968927443027,0.990330696105957,0.4999280869960785,0.20856866240501404,0.028331756591796875,513.144960025917,0.0,0.0,0.0,1
60200,inverse_warmup_m1,1.0,0.04886899143457413,0.018773410469293594,0.021622338487456243,0.8113041917483012,0.0,0.013839219696819782,0.11947720862554662,0.010045968927443027,0.990330696105957,0.4999280869960785,0.20856866240501404,0.028331756591796875,513.144960025917,0.0,0.0,0.0,1
60400,inverse_warmup_m1,1.0,0.04875943809747696,0.018916379660367966,0.02158770275612672,0.8077047516902288,0.0,0.014126256108283997,0.1587326079329627,0.010045968927443027,0.990330696105957,0.4999280869960785,0.20856866240501404,0.028331756591796875,513.144960025917,0.0,0.0,0.0,1
60600,inverse_warmup_m1,1.0,0.0490855798125267,0.01879674568772316,0.02187901735305786,0.8070836315552393,0.0,0.013506468385457993,0.07210556175234507,0.010045968927443027,0.990330696105957,0.4999280869960785,0.20856866240501404,0.028331756591796875,513.144960025917,0.0,0.0,0.0,1
60750,inverse_warmup_m1,1.0,0.04877728223800659,0.018547482788562775,0.021469326534618933,0.8093285957972208,0.0,0.013743376359343529,0.05559943555241296,0.010045968927443027,0.990330696105957,0.4999280869960785,0.20856866240501404,0.028331756591796875,513.144960025917,0.0,0.0,0.0,1
