job,stage,condition,seed,metric,value,source
segmentation/x64_random_fixed_seed42,segmentation,x64_random_fixed,42,val_dice,0.8676926266579401,jobs/segmentation/x64_random_fixed_seed42/attempt_001/metrics/run_summary.json
segmentation/x64_random_fixed_seed42,segmentation,x64_random_fixed,42,val_iou,0.7668006760733468,jobs/segmentation/x64_random_fixed_seed42/attempt_001/metrics/run_summary.json
segmentation/x64_random_fixed_seed42,segmentation,x64_random_fixed,42,test_dice,0.8686755980764117,jobs/segmentation/x64_random_fixed_seed42/attempt_001/metrics/run_summary.json
segmentation/x64_random_fixed_seed42,segmentation,x64_random_fixed,42,test_iou,0.7684105634689331,jobs/segmentation/x64_random_fixed_seed42/attempt_001/metrics/run_summary.json
segmentation/x64_random_fixed_seed42,segmentation,x64_random_fixed,42,test_dice_at_0p5,0.867891496136075,jobs/segmentation/x64_random_fixed_seed42/attempt_001/metrics/run_summary.json
segmentation/x64_random_fixed_seed42,segmentation,x64_random_fixed,42,test_iou_at_0p5,0.7671822139195034,jobs/segmentation/x64_random_fixed_seed42/attempt_001/metrics/run_summary.json
segmentation/x64_random_fixed_seed42,segmentation,x64_random_fixed,42,stage2_val_dice,0.8797258110273452,jobs/segmentation/x64_random_fixed_seed42/attempt_001/metrics/run_summary.json
segmentation/x64_learnable_frequency_seed42,segmentation,x64_learnable_frequency,42,val_dice,0.9113036479268756,jobs/segmentation/x64_learnable_frequency_seed42/attempt_001/metrics/run_summary.json
segmentation/x64_learnable_frequency_seed42,segmentation,x64_learnable_frequency,42,val_iou,0.8372487539336795,jobs/segmentation/x64_learnable_frequency_seed42/attempt_001/metrics/run_summary.json
segmentation/x64_learnable_frequency_seed42,segmentation,x64_learnable_frequency,42,test_dice,0.9118352078256153,jobs/segmentation/x64_learnable_frequency_seed42/attempt_001/metrics/run_summary.json
segmentation/x64_learnable_frequency_seed42,segmentation,x64_learnable_frequency,42,test_iou,0.8381968935330709,jobs/segmentation/x64_learnable_frequency_seed42/attempt_001/metrics/run_summary.json
segmentation/x64_learnable_frequency_seed42,segmentation,x64_learnable_frequency,42,test_dice_at_0p5,0.9072847905613127,jobs/segmentation/x64_learnable_frequency_seed42/attempt_001/metrics/run_summary.json
segmentation/x64_learnable_frequency_seed42,segmentation,x64_learnable_frequency,42,test_iou_at_0p5,0.8305928196225848,jobs/segmentation/x64_learnable_frequency_seed42/attempt_001/metrics/run_summary.json
segmentation/x64_learnable_frequency_seed42,segmentation,x64_learnable_frequency,42,stage2_val_dice,0.9174683463005793,jobs/segmentation/x64_learnable_frequency_seed42/attempt_001/metrics/run_summary.json
segmentation/x256_random_fixed_seed42,segmentation,x256_random_fixed,42,val_dice,0.6670784439359393,jobs/segmentation/x256_random_fixed_seed42/attempt_001/metrics/run_summary.json
segmentation/x256_random_fixed_seed42,segmentation,x256_random_fixed,42,val_iou,0.5013064855620974,jobs/segmentation/x256_random_fixed_seed42/attempt_001/metrics/run_summary.json
segmentation/x256_random_fixed_seed42,segmentation,x256_random_fixed,42,test_dice,0.673362930615743,jobs/segmentation/x256_random_fixed_seed42/attempt_001/metrics/run_summary.json
segmentation/x256_random_fixed_seed42,segmentation,x256_random_fixed,42,test_iou,0.508882775193169,jobs/segmentation/x256_random_fixed_seed42/attempt_001/metrics/run_summary.json
segmentation/x256_random_fixed_seed42,segmentation,x256_random_fixed,42,test_dice_at_0p5,0.6572466833250863,jobs/segmentation/x256_random_fixed_seed42/attempt_001/metrics/run_summary.json
segmentation/x256_random_fixed_seed42,segmentation,x256_random_fixed,42,test_iou_at_0p5,0.49084650902521043,jobs/segmentation/x256_random_fixed_seed42/attempt_001/metrics/run_summary.json
segmentation/x256_random_fixed_seed42,segmentation,x256_random_fixed,42,stage2_val_dice,0.7019994656244913,jobs/segmentation/x256_random_fixed_seed42/attempt_001/metrics/run_summary.json
segmentation/x256_learnable_frequency_seed42,segmentation,x256_learnable_frequency,42,val_dice,0.8300806879997253,jobs/segmentation/x256_learnable_frequency_seed42/attempt_001/metrics/run_summary.json
segmentation/x256_learnable_frequency_seed42,segmentation,x256_learnable_frequency,42,val_iou,0.7101255059242249,jobs/segmentation/x256_learnable_frequency_seed42/attempt_001/metrics/run_summary.json
segmentation/x256_learnable_frequency_seed42,segmentation,x256_learnable_frequency,42,test_dice,0.8327109473092216,jobs/segmentation/x256_learnable_frequency_seed42/attempt_001/metrics/run_summary.json
segmentation/x256_learnable_frequency_seed42,segmentation,x256_learnable_frequency,42,test_iou,0.7145613800911677,jobs/segmentation/x256_learnable_frequency_seed42/attempt_001/metrics/run_summary.json
segmentation/x256_learnable_frequency_seed42,segmentation,x256_learnable_frequency,42,test_dice_at_0p5,0.8323001322292146,jobs/segmentation/x256_learnable_frequency_seed42/attempt_001/metrics/run_summary.json
segmentation/x256_learnable_frequency_seed42,segmentation,x256_learnable_frequency,42,test_iou_at_0p5,0.7139945881707328,jobs/segmentation/x256_learnable_frequency_seed42/attempt_001/metrics/run_summary.json
segmentation/x256_learnable_frequency_seed42,segmentation,x256_learnable_frequency,42,stage2_val_dice,0.8505189134961083,jobs/segmentation/x256_learnable_frequency_seed42/attempt_001/metrics/run_summary.json
segmentation/x1024_random_fixed_seed42,segmentation,x1024_random_fixed,42,val_dice,0.401115650222415,jobs/segmentation/x1024_random_fixed_seed42/attempt_001/metrics/run_summary.json
segmentation/x1024_random_fixed_seed42,segmentation,x1024_random_fixed,42,val_iou,0.2518722947154726,jobs/segmentation/x1024_random_fixed_seed42/attempt_001/metrics/run_summary.json
segmentation/x1024_random_fixed_seed42,segmentation,x1024_random_fixed,42,test_dice,0.4014546587353661,jobs/segmentation/x1024_random_fixed_seed42/attempt_001/metrics/run_summary.json
segmentation/x1024_random_fixed_seed42,segmentation,x1024_random_fixed,42,test_iou,0.25228707847141085,jobs/segmentation/x1024_random_fixed_seed42/attempt_001/metrics/run_summary.json
segmentation/x1024_random_fixed_seed42,segmentation,x1024_random_fixed,42,test_dice_at_0p5,0.274255612776393,jobs/segmentation/x1024_random_fixed_seed42/attempt_001/metrics/run_summary.json
segmentation/x1024_random_fixed_seed42,segmentation,x1024_random_fixed,42,test_iou_at_0p5,0.16149725587595076,jobs/segmentation/x1024_random_fixed_seed42/attempt_001/metrics/run_summary.json
segmentation/x1024_random_fixed_seed42,segmentation,x1024_random_fixed,42,stage2_val_dice,0.3745707408303306,jobs/segmentation/x1024_random_fixed_seed42/attempt_001/metrics/run_summary.json
segmentation/x1024_learnable_frequency_seed42,segmentation,x1024_learnable_frequency,42,val_dice,0.5300336324033283,jobs/segmentation/x1024_learnable_frequency_seed42/attempt_001/metrics/run_summary.json
segmentation/x1024_learnable_frequency_seed42,segmentation,x1024_learnable_frequency,42,val_iou,0.3622608355113438,jobs/segmentation/x1024_learnable_frequency_seed42/attempt_001/metrics/run_summary.json
segmentation/x1024_learnable_frequency_seed42,segmentation,x1024_learnable_frequency,42,test_dice,0.5455280329499926,jobs/segmentation/x1024_learnable_frequency_seed42/attempt_001/metrics/run_summary.json
segmentation/x1024_learnable_frequency_seed42,segmentation,x1024_learnable_frequency,42,test_iou,0.3776098716826666,jobs/segmentation/x1024_learnable_frequency_seed42/attempt_001/metrics/run_summary.json
segmentation/x1024_learnable_frequency_seed42,segmentation,x1024_learnable_frequency,42,test_dice_at_0p5,0.5291712809176672,jobs/segmentation/x1024_learnable_frequency_seed42/attempt_001/metrics/run_summary.json
segmentation/x1024_learnable_frequency_seed42,segmentation,x1024_learnable_frequency,42,test_iou_at_0p5,0.3626275133518946,jobs/segmentation/x1024_learnable_frequency_seed42/attempt_001/metrics/run_summary.json
segmentation/x1024_learnable_frequency_seed42,segmentation,x1024_learnable_frequency,42,stage2_val_dice,0.5670764801048097,jobs/segmentation/x1024_learnable_frequency_seed42/attempt_001/metrics/run_summary.json
segmentation/x64_random_fixed_seed43,segmentation,x64_random_fixed,43,val_dice,0.8559801890736535,jobs/segmentation/x64_random_fixed_seed43/attempt_001/metrics/run_summary.json
segmentation/x64_random_fixed_seed43,segmentation,x64_random_fixed,43,val_iou,0.7492884880020505,jobs/segmentation/x64_random_fixed_seed43/attempt_001/metrics/run_summary.json
segmentation/x64_random_fixed_seed43,segmentation,x64_random_fixed,43,test_dice,0.8635216951370239,jobs/segmentation/x64_random_fixed_seed43/attempt_001/metrics/run_summary.json
segmentation/x64_random_fixed_seed43,segmentation,x64_random_fixed,43,test_iou,0.7602842932655698,jobs/segmentation/x64_random_fixed_seed43/attempt_001/metrics/run_summary.json
segmentation/x64_random_fixed_seed43,segmentation,x64_random_fixed,43,test_dice_at_0p5,0.8605563101314363,jobs/segmentation/x64_random_fixed_seed43/attempt_001/metrics/run_summary.json
segmentation/x64_random_fixed_seed43,segmentation,x64_random_fixed,43,test_iou_at_0p5,0.7557645269802639,jobs/segmentation/x64_random_fixed_seed43/attempt_001/metrics/run_summary.json
segmentation/x64_random_fixed_seed43,segmentation,x64_random_fixed,43,stage2_val_dice,0.8786141702107021,jobs/segmentation/x64_random_fixed_seed43/attempt_001/metrics/run_summary.json
segmentation/x64_learnable_frequency_seed43,segmentation,x64_learnable_frequency,43,val_dice,0.9074417012078422,jobs/segmentation/x64_learnable_frequency_seed43/attempt_001/metrics/run_summary.json
segmentation/x64_learnable_frequency_seed43,segmentation,x64_learnable_frequency,43,val_iou,0.8308549324671427,jobs/segmentation/x64_learnable_frequency_seed43/attempt_001/metrics/run_summary.json
segmentation/x64_learnable_frequency_seed43,segmentation,x64_learnable_frequency,43,test_dice,0.9092524931544349,jobs/segmentation/x64_learnable_frequency_seed43/attempt_001/metrics/run_summary.json
segmentation/x64_learnable_frequency_seed43,segmentation,x64_learnable_frequency,43,test_iou,0.8338257045972914,jobs/segmentation/x64_learnable_frequency_seed43/attempt_001/metrics/run_summary.json
segmentation/x64_learnable_frequency_seed43,segmentation,x64_learnable_frequency,43,test_dice_at_0p5,0.9083907206853231,jobs/segmentation/x64_learnable_frequency_seed43/attempt_001/metrics/run_summary.json
segmentation/x64_learnable_frequency_seed43,segmentation,x64_learnable_frequency,43,test_iou_at_0p5,0.8323709936369033,jobs/segmentation/x64_learnable_frequency_seed43/attempt_001/metrics/run_summary.json
segmentation/x64_learnable_frequency_seed43,segmentation,x64_learnable_frequency,43,stage2_val_dice,0.9165782275654021,jobs/segmentation/x64_learnable_frequency_seed43/attempt_001/metrics/run_summary.json
segmentation/x256_random_fixed_seed43,segmentation,x256_random_fixed,43,val_dice,0.6810342385655358,jobs/segmentation/x256_random_fixed_seed43/attempt_001/metrics/run_summary.json
segmentation/x256_random_fixed_seed43,segmentation,x256_random_fixed,43,val_iou,0.5177476065499442,jobs/segmentation/x256_random_fixed_seed43/attempt_001/metrics/run_summary.json
segmentation/x256_random_fixed_seed43,segmentation,x256_random_fixed,43,test_dice,0.6797225901058742,jobs/segmentation/x256_random_fixed_seed43/attempt_001/metrics/run_summary.json
segmentation/x256_random_fixed_seed43,segmentation,x256_random_fixed,43,test_iou,0.5157943069934845,jobs/segmentation/x256_random_fixed_seed43/attempt_001/metrics/run_summary.json
segmentation/x256_random_fixed_seed43,segmentation,x256_random_fixed,43,test_dice_at_0p5,0.657876846336183,jobs/segmentation/x256_random_fixed_seed43/attempt_001/metrics/run_summary.json
segmentation/x256_random_fixed_seed43,segmentation,x256_random_fixed,43,test_iou_at_0p5,0.4912443004903339,jobs/segmentation/x256_random_fixed_seed43/attempt_001/metrics/run_summary.json
segmentation/x256_random_fixed_seed43,segmentation,x256_random_fixed,43,stage2_val_dice,0.7011968379928952,jobs/segmentation/x256_random_fixed_seed43/attempt_001/metrics/run_summary.json
segmentation/x256_learnable_frequency_seed43,segmentation,x256_learnable_frequency,43,val_dice,0.8372797880853925,jobs/segmentation/x256_learnable_frequency_seed43/attempt_001/metrics/run_summary.json
segmentation/x256_learnable_frequency_seed43,segmentation,x256_learnable_frequency,43,val_iou,0.7207160421780178,jobs/segmentation/x256_learnable_frequency_seed43/attempt_001/metrics/run_summary.json
segmentation/x256_learnable_frequency_seed43,segmentation,x256_learnable_frequency,43,test_dice,0.8370466743196759,jobs/segmentation/x256_learnable_frequency_seed43/attempt_001/metrics/run_summary.json
segmentation/x256_learnable_frequency_seed43,segmentation,x256_learnable_frequency,43,test_iou,0.7204231988816034,jobs/segmentation/x256_learnable_frequency_seed43/attempt_001/metrics/run_summary.json
segmentation/x256_learnable_frequency_seed43,segmentation,x256_learnable_frequency,43,test_dice_at_0p5,0.8326280344100225,jobs/segmentation/x256_learnable_frequency_seed43/attempt_001/metrics/run_summary.json
segmentation/x256_learnable_frequency_seed43,segmentation,x256_learnable_frequency,43,test_iou_at_0p5,0.7139638605571929,jobs/segmentation/x256_learnable_frequency_seed43/attempt_001/metrics/run_summary.json
segmentation/x256_learnable_frequency_seed43,segmentation,x256_learnable_frequency,43,stage2_val_dice,0.8485456960541862,jobs/segmentation/x256_learnable_frequency_seed43/attempt_001/metrics/run_summary.json
segmentation/x1024_random_fixed_seed43,segmentation,x1024_random_fixed,43,val_dice,0.4228273502417973,jobs/segmentation/x1024_random_fixed_seed43/attempt_001/metrics/run_summary.json
segmentation/x1024_random_fixed_seed43,segmentation,x1024_random_fixed,43,val_iou,0.2693441297326769,jobs/segmentation/x1024_random_fixed_seed43/attempt_001/metrics/run_summary.json
segmentation/x1024_random_fixed_seed43,segmentation,x1024_random_fixed,43,test_dice,0.41842869775635855,jobs/segmentation/x1024_random_fixed_seed43/attempt_001/metrics/run_summary.json
segmentation/x1024_random_fixed_seed43,segmentation,x1024_random_fixed,43,test_iou,0.26602594341550556,jobs/segmentation/x1024_random_fixed_seed43/attempt_001/metrics/run_summary.json
segmentation/x1024_random_fixed_seed43,segmentation,x1024_random_fixed,43,test_dice_at_0p5,0.2646650813874744,jobs/segmentation/x1024_random_fixed_seed43/attempt_001/metrics/run_summary.json
segmentation/x1024_random_fixed_seed43,segmentation,x1024_random_fixed,43,test_iou_at_0p5,0.1566399127422344,jobs/segmentation/x1024_random_fixed_seed43/attempt_001/metrics/run_summary.json
segmentation/x1024_random_fixed_seed43,segmentation,x1024_random_fixed,43,stage2_val_dice,0.37473778355689275,jobs/segmentation/x1024_random_fixed_seed43/attempt_001/metrics/run_summary.json
segmentation/x1024_learnable_frequency_seed43,segmentation,x1024_learnable_frequency,43,val_dice,0.5437645330315545,jobs/segmentation/x1024_learnable_frequency_seed43/attempt_001/metrics/run_summary.json
segmentation/x1024_learnable_frequency_seed43,segmentation,x1024_learnable_frequency,43,val_iou,0.3754689948899405,jobs/segmentation/x1024_learnable_frequency_seed43/attempt_001/metrics/run_summary.json
segmentation/x1024_learnable_frequency_seed43,segmentation,x1024_learnable_frequency,43,test_dice,0.5509923483644213,jobs/segmentation/x1024_learnable_frequency_seed43/attempt_001/metrics/run_summary.json
segmentation/x1024_learnable_frequency_seed43,segmentation,x1024_learnable_frequency,43,test_iou,0.38212289980479647,jobs/segmentation/x1024_learnable_frequency_seed43/attempt_001/metrics/run_summary.json
segmentation/x1024_learnable_frequency_seed43,segmentation,x1024_learnable_frequency,43,test_dice_at_0p5,0.5260305745261056,jobs/segmentation/x1024_learnable_frequency_seed43/attempt_001/metrics/run_summary.json
segmentation/x1024_learnable_frequency_seed43,segmentation,x1024_learnable_frequency,43,test_iou_at_0p5,0.3595500176861173,jobs/segmentation/x1024_learnable_frequency_seed43/attempt_001/metrics/run_summary.json
segmentation/x1024_learnable_frequency_seed43,segmentation,x1024_learnable_frequency,43,stage2_val_dice,0.5735806993075779,jobs/segmentation/x1024_learnable_frequency_seed43/attempt_001/metrics/run_summary.json
segmentation/x64_random_fixed_seed44,segmentation,x64_random_fixed,44,val_dice,0.8528389703659784,jobs/segmentation/x64_random_fixed_seed44/attempt_001/metrics/run_summary.json
segmentation/x64_random_fixed_seed44,segmentation,x64_random_fixed,44,val_iou,0.7440771091552008,jobs/segmentation/x64_random_fixed_seed44/attempt_001/metrics/run_summary.json
segmentation/x64_random_fixed_seed44,segmentation,x64_random_fixed,44,test_dice,0.8527610387120929,jobs/segmentation/x64_random_fixed_seed44/attempt_001/metrics/run_summary.json
segmentation/x64_random_fixed_seed44,segmentation,x64_random_fixed,44,test_iou,0.7439606445176261,jobs/segmentation/x64_random_fixed_seed44/attempt_001/metrics/run_summary.json
segmentation/x64_random_fixed_seed44,segmentation,x64_random_fixed,44,test_dice_at_0p5,0.8449250544820514,jobs/segmentation/x64_random_fixed_seed44/attempt_001/metrics/run_summary.json
segmentation/x64_random_fixed_seed44,segmentation,x64_random_fixed,44,test_iou_at_0p5,0.7322372765768141,jobs/segmentation/x64_random_fixed_seed44/attempt_001/metrics/run_summary.json
segmentation/x64_random_fixed_seed44,segmentation,x64_random_fixed,44,stage2_val_dice,0.8721076647440592,jobs/segmentation/x64_random_fixed_seed44/attempt_001/metrics/run_summary.json
segmentation/x64_learnable_frequency_seed44,segmentation,x64_learnable_frequency,44,val_dice,0.8872856213932946,jobs/segmentation/x64_learnable_frequency_seed44/attempt_001/metrics/run_summary.json
segmentation/x64_learnable_frequency_seed44,segmentation,x64_learnable_frequency,44,val_iou,0.7978781972612653,jobs/segmentation/x64_learnable_frequency_seed44/attempt_001/metrics/run_summary.json
segmentation/x64_learnable_frequency_seed44,segmentation,x64_learnable_frequency,44,test_dice,0.8878430326779684,jobs/segmentation/x64_learnable_frequency_seed44/attempt_001/metrics/run_summary.json
segmentation/x64_learnable_frequency_seed44,segmentation,x64_learnable_frequency,44,test_iou,0.7985694465183076,jobs/segmentation/x64_learnable_frequency_seed44/attempt_001/metrics/run_summary.json
segmentation/x64_learnable_frequency_seed44,segmentation,x64_learnable_frequency,44,test_dice_at_0p5,0.8829919866153172,jobs/segmentation/x64_learnable_frequency_seed44/attempt_001/metrics/run_summary.json
segmentation/x64_learnable_frequency_seed44,segmentation,x64_learnable_frequency,44,test_iou_at_0p5,0.7907684729212806,jobs/segmentation/x64_learnable_frequency_seed44/attempt_001/metrics/run_summary.json
segmentation/x64_learnable_frequency_seed44,segmentation,x64_learnable_frequency,44,stage2_val_dice,0.8939565931047712,jobs/segmentation/x64_learnable_frequency_seed44/attempt_001/metrics/run_summary.json
segmentation/x256_random_fixed_seed44,segmentation,x256_random_fixed,44,val_dice,0.6556581116857982,jobs/segmentation/x256_random_fixed_seed44/attempt_001/metrics/run_summary.json
segmentation/x256_random_fixed_seed44,segmentation,x256_random_fixed,44,val_iou,0.48948234461602713,jobs/segmentation/x256_random_fixed_seed44/attempt_001/metrics/run_summary.json
segmentation/x256_random_fixed_seed44,segmentation,x256_random_fixed,44,test_dice,0.6622390548388163,jobs/segmentation/x256_random_fixed_seed44/attempt_001/metrics/run_summary.json
segmentation/x256_random_fixed_seed44,segmentation,x256_random_fixed,44,test_iou,0.4963257766905285,jobs/segmentation/x256_random_fixed_seed44/attempt_001/metrics/run_summary.json
segmentation/x256_random_fixed_seed44,segmentation,x256_random_fixed,44,test_dice_at_0p5,0.6323753822417486,jobs/segmentation/x256_random_fixed_seed44/attempt_001/metrics/run_summary.json
segmentation/x256_random_fixed_seed44,segmentation,x256_random_fixed,44,test_iou_at_0p5,0.4637804244245802,jobs/segmentation/x256_random_fixed_seed44/attempt_001/metrics/run_summary.json
segmentation/x256_random_fixed_seed44,segmentation,x256_random_fixed,44,stage2_val_dice,0.6882125309535435,jobs/segmentation/x256_random_fixed_seed44/attempt_001/metrics/run_summary.json
segmentation/x256_learnable_frequency_seed44,segmentation,x256_learnable_frequency,44,val_dice,0.8363892890158153,jobs/segmentation/x256_learnable_frequency_seed44/attempt_001/metrics/run_summary.json
segmentation/x256_learnable_frequency_seed44,segmentation,x256_learnable_frequency,44,val_iou,0.7194545212246123,jobs/segmentation/x256_learnable_frequency_seed44/attempt_001/metrics/run_summary.json
segmentation/x256_learnable_frequency_seed44,segmentation,x256_learnable_frequency,44,test_dice,0.8424311564082191,jobs/segmentation/x256_learnable_frequency_seed44/attempt_001/metrics/run_summary.json
segmentation/x256_learnable_frequency_seed44,segmentation,x256_learnable_frequency,44,test_iou,0.7286761346317473,jobs/segmentation/x256_learnable_frequency_seed44/attempt_001/metrics/run_summary.json
segmentation/x256_learnable_frequency_seed44,segmentation,x256_learnable_frequency,44,test_dice_at_0p5,0.8394448558489481,jobs/segmentation/x256_learnable_frequency_seed44/attempt_001/metrics/run_summary.json
segmentation/x256_learnable_frequency_seed44,segmentation,x256_learnable_frequency,44,test_iou_at_0p5,0.7242993825957889,jobs/segmentation/x256_learnable_frequency_seed44/attempt_001/metrics/run_summary.json
segmentation/x256_learnable_frequency_seed44,segmentation,x256_learnable_frequency,44,stage2_val_dice,0.8499924001239595,jobs/segmentation/x256_learnable_frequency_seed44/attempt_001/metrics/run_summary.json
segmentation/x1024_random_fixed_seed44,segmentation,x1024_random_fixed,44,val_dice,0.37828327786354793,jobs/segmentation/x1024_random_fixed_seed44/attempt_001/metrics/run_summary.json
segmentation/x1024_random_fixed_seed44,segmentation,x1024_random_fixed,44,val_iou,0.23478954249904269,jobs/segmentation/x1024_random_fixed_seed44/attempt_001/metrics/run_summary.json
segmentation/x1024_random_fixed_seed44,segmentation,x1024_random_fixed,44,test_dice,0.37816512158938814,jobs/segmentation/x1024_random_fixed_seed44/attempt_001/metrics/run_summary.json
segmentation/x1024_random_fixed_seed44,segmentation,x1024_random_fixed,44,test_iou,0.23554269543715886,jobs/segmentation/x1024_random_fixed_seed44/attempt_001/metrics/run_summary.json
segmentation/x1024_random_fixed_seed44,segmentation,x1024_random_fixed,44,test_dice_at_0p5,0.35670881328128634,jobs/segmentation/x1024_random_fixed_seed44/attempt_001/metrics/run_summary.json
segmentation/x1024_random_fixed_seed44,segmentation,x1024_random_fixed,44,test_iou_at_0p5,0.2189175117583502,jobs/segmentation/x1024_random_fixed_seed44/attempt_001/metrics/run_summary.json
segmentation/x1024_random_fixed_seed44,segmentation,x1024_random_fixed,44,stage2_val_dice,0.3741256090856734,jobs/segmentation/x1024_random_fixed_seed44/attempt_001/metrics/run_summary.json
segmentation/x1024_learnable_frequency_seed44,segmentation,x1024_learnable_frequency,44,val_dice,0.5121497724737439,jobs/segmentation/x1024_learnable_frequency_seed44/attempt_001/metrics/run_summary.json
segmentation/x1024_learnable_frequency_seed44,segmentation,x1024_learnable_frequency,44,val_iou,0.3463531654505503,jobs/segmentation/x1024_learnable_frequency_seed44/attempt_001/metrics/run_summary.json
segmentation/x1024_learnable_frequency_seed44,segmentation,x1024_learnable_frequency,44,test_dice,0.534603741906938,jobs/segmentation/x1024_learnable_frequency_seed44/attempt_001/metrics/run_summary.json
segmentation/x1024_learnable_frequency_seed44,segmentation,x1024_learnable_frequency,44,test_iou,0.3686970883891696,jobs/segmentation/x1024_learnable_frequency_seed44/attempt_001/metrics/run_summary.json
segmentation/x1024_learnable_frequency_seed44,segmentation,x1024_learnable_frequency,44,test_dice_at_0p5,0.492616016240347,jobs/segmentation/x1024_learnable_frequency_seed44/attempt_001/metrics/run_summary.json
segmentation/x1024_learnable_frequency_seed44,segmentation,x1024_learnable_frequency,44,test_iou_at_0p5,0.3311131128243038,jobs/segmentation/x1024_learnable_frequency_seed44/attempt_001/metrics/run_summary.json
segmentation/x1024_learnable_frequency_seed44,segmentation,x1024_learnable_frequency,44,stage2_val_dice,0.5618924654665447,jobs/segmentation/x1024_learnable_frequency_seed44/attempt_001/metrics/run_summary.json
sr/swinir_wo_li_seed42,sr,swinir_wo_li,42,per_dataset_best.Set5.psnr,25.553148832775296,jobs/sr/swinir_wo_li_seed42/attempt_001/swinir_wo_li/result.json
sr/swinir_wo_li_seed42,sr,swinir_wo_li,42,per_dataset_best.Set5.ssim,0.7200855737640744,jobs/sr/swinir_wo_li_seed42/attempt_001/swinir_wo_li/result.json
sr/swinir_wo_li_seed42,sr,swinir_wo_li,42,per_dataset_best.Set5.stitched_psnr,22.961566925048828,jobs/sr/swinir_wo_li_seed42/attempt_001/swinir_wo_li/result.json
sr/swinir_wo_li_seed42,sr,swinir_wo_li,42,per_dataset_best.Set5.stitched_ssim,0.6483720302581787,jobs/sr/swinir_wo_li_seed42/attempt_001/swinir_wo_li/result.json
sr/swinir_wo_li_seed42,sr,swinir_wo_li,42,per_dataset_best.Set14.psnr,23.620855261465746,jobs/sr/swinir_wo_li_seed42/attempt_001/swinir_wo_li/result.json
sr/swinir_wo_li_seed42,sr,swinir_wo_li,42,per_dataset_best.Set14.ssim,0.6378738713077086,jobs/sr/swinir_wo_li_seed42/attempt_001/swinir_wo_li/result.json
sr/swinir_wo_li_seed42,sr,swinir_wo_li,42,per_dataset_best.Set14.stitched_psnr,21.74063914162772,jobs/sr/swinir_wo_li_seed42/attempt_001/swinir_wo_li/result.json
sr/swinir_wo_li_seed42,sr,swinir_wo_li,42,per_dataset_best.Set14.stitched_ssim,0.5533363989421299,jobs/sr/swinir_wo_li_seed42/attempt_001/swinir_wo_li/result.json
sr/swinir_wo_li_seed42,sr,swinir_wo_li,42,per_dataset_best.BSD100.psnr,23.908358997617448,jobs/sr/swinir_wo_li_seed42/attempt_001/swinir_wo_li/result.json
sr/swinir_wo_li_seed42,sr,swinir_wo_li,42,per_dataset_best.BSD100.ssim,0.590219550030572,jobs/sr/swinir_wo_li_seed42/attempt_001/swinir_wo_li/result.json
sr/swinir_wo_li_seed42,sr,swinir_wo_li,42,per_dataset_best.BSD100.stitched_psnr,22.08372829437256,jobs/sr/swinir_wo_li_seed42/attempt_001/swinir_wo_li/result.json
sr/swinir_wo_li_seed42,sr,swinir_wo_li,42,per_dataset_best.BSD100.stitched_ssim,0.5253013168275357,jobs/sr/swinir_wo_li_seed42/attempt_001/swinir_wo_li/result.json
sr/swinir_wo_li_seed42,sr,swinir_wo_li,42,per_dataset_best.Urban100.psnr,22.55321171652583,jobs/sr/swinir_wo_li_seed42/attempt_001/swinir_wo_li/result.json
sr/swinir_wo_li_seed42,sr,swinir_wo_li,42,per_dataset_best.Urban100.ssim,0.5832754488549663,jobs/sr/swinir_wo_li_seed42/attempt_001/swinir_wo_li/result.json
sr/swinir_wo_li_seed42,sr,swinir_wo_li,42,per_dataset_best.Urban100.stitched_psnr,19.707439947128297,jobs/sr/swinir_wo_li_seed42/attempt_001/swinir_wo_li/result.json
sr/swinir_wo_li_seed42,sr,swinir_wo_li,42,per_dataset_best.Urban100.stitched_ssim,0.5180743363499641,jobs/sr/swinir_wo_li_seed42/attempt_001/swinir_wo_li/result.json
sr/swinir_wo_li_seed42,sr,swinir_wo_li,42,per_dataset_best.Manga109.psnr,24.21281648716852,jobs/sr/swinir_wo_li_seed42/attempt_001/swinir_wo_li/result.json
sr/swinir_wo_li_seed42,sr,swinir_wo_li,42,per_dataset_best.Manga109.ssim,0.7223822200040658,jobs/sr/swinir_wo_li_seed42/attempt_001/swinir_wo_li/result.json
sr/swinir_wo_li_seed42,sr,swinir_wo_li,42,per_dataset_best.Manga109.stitched_psnr,21.039568612334925,jobs/sr/swinir_wo_li_seed42/attempt_001/swinir_wo_li/result.json
sr/swinir_wo_li_seed42,sr,swinir_wo_li,42,per_dataset_best.Manga109.stitched_ssim,0.6664386654118879,jobs/sr/swinir_wo_li_seed42/attempt_001/swinir_wo_li/result.json
sr/swinir_wo_li_seed42,sr,swinir_wo_li,42,per_dataset_final.Set5.psnr,25.553148832775296,jobs/sr/swinir_wo_li_seed42/attempt_001/swinir_wo_li/result.json
sr/swinir_wo_li_seed42,sr,swinir_wo_li,42,per_dataset_final.Set5.ssim,0.7200855737640744,jobs/sr/swinir_wo_li_seed42/attempt_001/swinir_wo_li/result.json
sr/swinir_wo_li_seed42,sr,swinir_wo_li,42,per_dataset_final.Set5.stitched_psnr,22.961566925048828,jobs/sr/swinir_wo_li_seed42/attempt_001/swinir_wo_li/result.json
sr/swinir_wo_li_seed42,sr,swinir_wo_li,42,per_dataset_final.Set5.stitched_ssim,0.6483720302581787,jobs/sr/swinir_wo_li_seed42/attempt_001/swinir_wo_li/result.json
sr/swinir_wo_li_seed42,sr,swinir_wo_li,42,per_dataset_final.Set14.psnr,23.620855261465746,jobs/sr/swinir_wo_li_seed42/attempt_001/swinir_wo_li/result.json
sr/swinir_wo_li_seed42,sr,swinir_wo_li,42,per_dataset_final.Set14.ssim,0.6378738713077086,jobs/sr/swinir_wo_li_seed42/attempt_001/swinir_wo_li/result.json
sr/swinir_wo_li_seed42,sr,swinir_wo_li,42,per_dataset_final.Set14.stitched_psnr,21.74063914162772,jobs/sr/swinir_wo_li_seed42/attempt_001/swinir_wo_li/result.json
sr/swinir_wo_li_seed42,sr,swinir_wo_li,42,per_dataset_final.Set14.stitched_ssim,0.5533363989421299,jobs/sr/swinir_wo_li_seed42/attempt_001/swinir_wo_li/result.json
sr/swinir_wo_li_seed42,sr,swinir_wo_li,42,per_dataset_final.BSD100.psnr,23.908358997617448,jobs/sr/swinir_wo_li_seed42/attempt_001/swinir_wo_li/result.json
sr/swinir_wo_li_seed42,sr,swinir_wo_li,42,per_dataset_final.BSD100.ssim,0.590219550030572,jobs/sr/swinir_wo_li_seed42/attempt_001/swinir_wo_li/result.json
sr/swinir_wo_li_seed42,sr,swinir_wo_li,42,per_dataset_final.BSD100.stitched_psnr,22.08372829437256,jobs/sr/swinir_wo_li_seed42/attempt_001/swinir_wo_li/result.json
sr/swinir_wo_li_seed42,sr,swinir_wo_li,42,per_dataset_final.BSD100.stitched_ssim,0.5253013168275357,jobs/sr/swinir_wo_li_seed42/attempt_001/swinir_wo_li/result.json
sr/swinir_wo_li_seed42,sr,swinir_wo_li,42,per_dataset_final.Urban100.psnr,22.55321171652583,jobs/sr/swinir_wo_li_seed42/attempt_001/swinir_wo_li/result.json
sr/swinir_wo_li_seed42,sr,swinir_wo_li,42,per_dataset_final.Urban100.ssim,0.5832754488549663,jobs/sr/swinir_wo_li_seed42/attempt_001/swinir_wo_li/result.json
sr/swinir_wo_li_seed42,sr,swinir_wo_li,42,per_dataset_final.Urban100.stitched_psnr,19.707439947128297,jobs/sr/swinir_wo_li_seed42/attempt_001/swinir_wo_li/result.json
sr/swinir_wo_li_seed42,sr,swinir_wo_li,42,per_dataset_final.Urban100.stitched_ssim,0.5180743363499641,jobs/sr/swinir_wo_li_seed42/attempt_001/swinir_wo_li/result.json
sr/swinir_wo_li_seed42,sr,swinir_wo_li,42,per_dataset_final.Manga109.psnr,24.21281648716852,jobs/sr/swinir_wo_li_seed42/attempt_001/swinir_wo_li/result.json
sr/swinir_wo_li_seed42,sr,swinir_wo_li,42,per_dataset_final.Manga109.ssim,0.7223822200040658,jobs/sr/swinir_wo_li_seed42/attempt_001/swinir_wo_li/result.json
sr/swinir_wo_li_seed42,sr,swinir_wo_li,42,per_dataset_final.Manga109.stitched_psnr,21.039568612334925,jobs/sr/swinir_wo_li_seed42/attempt_001/swinir_wo_li/result.json
sr/swinir_wo_li_seed42,sr,swinir_wo_li,42,per_dataset_final.Manga109.stitched_ssim,0.6664386654118879,jobs/sr/swinir_wo_li_seed42/attempt_001/swinir_wo_li/result.json
sr/swinir_with_li_seed42,sr,swinir_with_li,42,per_dataset_best.Set5.psnr,27.452248473394484,jobs/sr/swinir_with_li_seed42/attempt_001/swinir_with_li/result.json
sr/swinir_with_li_seed42,sr,swinir_with_li,42,per_dataset_best.Set5.ssim,0.7768114955652328,jobs/sr/swinir_with_li_seed42/attempt_001/swinir_with_li/result.json
sr/swinir_with_li_seed42,sr,swinir_with_li,42,per_dataset_best.Set5.stitched_psnr,24.792755126953125,jobs/sr/swinir_with_li_seed42/attempt_001/swinir_with_li/result.json
sr/swinir_with_li_seed42,sr,swinir_with_li,42,per_dataset_best.Set5.stitched_ssim,0.7272065997123718,jobs/sr/swinir_with_li_seed42/attempt_001/swinir_with_li/result.json
sr/swinir_with_li_seed42,sr,swinir_with_li,42,per_dataset_best.Set14.psnr,25.171464874358946,jobs/sr/swinir_with_li_seed42/attempt_001/swinir_with_li/result.json
sr/swinir_with_li_seed42,sr,swinir_with_li,42,per_dataset_best.Set14.ssim,0.6882151152693226,jobs/sr/swinir_with_li_seed42/attempt_001/swinir_with_li/result.json
sr/swinir_with_li_seed42,sr,swinir_with_li,42,per_dataset_best.Set14.stitched_psnr,23.11153929574149,jobs/sr/swinir_with_li_seed42/attempt_001/swinir_with_li/result.json
sr/swinir_with_li_seed42,sr,swinir_with_li,42,per_dataset_best.Set14.stitched_ssim,0.6121576683861869,jobs/sr/swinir_with_li_seed42/attempt_001/swinir_with_li/result.json
sr/swinir_with_li_seed42,sr,swinir_with_li,42,per_dataset_best.BSD100.psnr,25.11894780131749,jobs/sr/swinir_with_li_seed42/attempt_001/swinir_with_li/result.json
sr/swinir_with_li_seed42,sr,swinir_with_li,42,per_dataset_best.BSD100.ssim,0.6279044621246201,jobs/sr/swinir_with_li_seed42/attempt_001/swinir_with_li/result.json
sr/swinir_with_li_seed42,sr,swinir_with_li,42,per_dataset_best.BSD100.stitched_psnr,23.073359069824217,jobs/sr/swinir_with_li_seed42/attempt_001/swinir_with_li/result.json
sr/swinir_with_li_seed42,sr,swinir_with_li,42,per_dataset_best.BSD100.stitched_ssim,0.5680951867997647,jobs/sr/swinir_with_li_seed42/attempt_001/swinir_with_li/result.json
sr/swinir_with_li_seed42,sr,swinir_with_li,42,per_dataset_best.Urban100.psnr,23.896525681826816,jobs/sr/swinir_with_li_seed42/attempt_001/swinir_with_li/result.json
sr/swinir_with_li_seed42,sr,swinir_with_li,42,per_dataset_best.Urban100.ssim,0.6433870043634905,jobs/sr/swinir_with_li_seed42/attempt_001/swinir_with_li/result.json
sr/swinir_with_li_seed42,sr,swinir_with_li,42,per_dataset_best.Urban100.stitched_psnr,20.788758707046508,jobs/sr/swinir_with_li_seed42/attempt_001/swinir_with_li/result.json
sr/swinir_with_li_seed42,sr,swinir_with_li,42,per_dataset_best.Urban100.stitched_ssim,0.5844538232684136,jobs/sr/swinir_with_li_seed42/attempt_001/swinir_with_li/result.json
sr/swinir_with_li_seed42,sr,swinir_with_li,42,per_dataset_best.Manga109.psnr,26.089906635010138,jobs/sr/swinir_with_li_seed42/attempt_001/swinir_with_li/result.json
sr/swinir_with_li_seed42,sr,swinir_with_li,42,per_dataset_best.Manga109.ssim,0.7799370392796903,jobs/sr/swinir_with_li_seed42/attempt_001/swinir_with_li/result.json
sr/swinir_with_li_seed42,sr,swinir_with_li,42,per_dataset_best.Manga109.stitched_psnr,22.828675873782657,jobs/sr/swinir_with_li_seed42/attempt_001/swinir_with_li/result.json
sr/swinir_with_li_seed42,sr,swinir_with_li,42,per_dataset_best.Manga109.stitched_ssim,0.7328731054012928,jobs/sr/swinir_with_li_seed42/attempt_001/swinir_with_li/result.json
sr/swinir_with_li_seed42,sr,swinir_with_li,42,per_dataset_final.Set5.psnr,27.12497762044271,jobs/sr/swinir_with_li_seed42/attempt_001/swinir_with_li/result.json
sr/swinir_with_li_seed42,sr,swinir_with_li,42,per_dataset_final.Set5.ssim,0.776933897676922,jobs/sr/swinir_with_li_seed42/attempt_001/swinir_with_li/result.json
sr/swinir_with_li_seed42,sr,swinir_with_li,42,per_dataset_final.Set5.stitched_psnr,24.572708511352538,jobs/sr/swinir_with_li_seed42/attempt_001/swinir_with_li/result.json
sr/swinir_with_li_seed42,sr,swinir_with_li,42,per_dataset_final.Set5.stitched_ssim,0.7282410502433777,jobs/sr/swinir_with_li_seed42/attempt_001/swinir_with_li/result.json
sr/swinir_with_li_seed42,sr,swinir_with_li,42,per_dataset_final.Set14.psnr,25.049094611299253,jobs/sr/swinir_with_li_seed42/attempt_001/swinir_with_li/result.json
sr/swinir_with_li_seed42,sr,swinir_with_li,42,per_dataset_final.Set14.ssim,0.6876398995964826,jobs/sr/swinir_with_li_seed42/attempt_001/swinir_with_li/result.json
sr/swinir_with_li_seed42,sr,swinir_with_li,42,per_dataset_final.Set14.stitched_psnr,22.928662708827428,jobs/sr/swinir_with_li_seed42/attempt_001/swinir_with_li/result.json
sr/swinir_with_li_seed42,sr,swinir_with_li,42,per_dataset_final.Set14.stitched_ssim,0.6096350316490445,jobs/sr/swinir_with_li_seed42/attempt_001/swinir_with_li/result.json
sr/swinir_with_li_seed42,sr,swinir_with_li,42,per_dataset_final.BSD100.psnr,24.89258814076015,jobs/sr/swinir_with_li_seed42/attempt_001/swinir_with_li/result.json
sr/swinir_with_li_seed42,sr,swinir_with_li,42,per_dataset_final.BSD100.ssim,0.6245802692472935,jobs/sr/swinir_with_li_seed42/attempt_001/swinir_with_li/result.json
sr/swinir_with_li_seed42,sr,swinir_with_li,42,per_dataset_final.BSD100.stitched_psnr,22.89988758087158,jobs/sr/swinir_with_li_seed42/attempt_001/swinir_with_li/result.json
sr/swinir_with_li_seed42,sr,swinir_with_li,42,per_dataset_final.BSD100.stitched_ssim,0.5636220549046993,jobs/sr/swinir_with_li_seed42/attempt_001/swinir_with_li/result.json
sr/swinir_with_li_seed42,sr,swinir_with_li,42,per_dataset_final.Urban100.psnr,24.01776551768518,jobs/sr/swinir_with_li_seed42/attempt_001/swinir_with_li/result.json
sr/swinir_with_li_seed42,sr,swinir_with_li,42,per_dataset_final.Urban100.ssim,0.6483842633212465,jobs/sr/swinir_with_li_seed42/attempt_001/swinir_with_li/result.json
sr/swinir_with_li_seed42,sr,swinir_with_li,42,per_dataset_final.Urban100.stitched_psnr,20.766343069076537,jobs/sr/swinir_with_li_seed42/attempt_001/swinir_with_li/result.json
sr/swinir_with_li_seed42,sr,swinir_with_li,42,per_dataset_final.Urban100.stitched_ssim,0.5887086413800716,jobs/sr/swinir_with_li_seed42/attempt_001/swinir_with_li/result.json
sr/swinir_with_li_seed42,sr,swinir_with_li,42,per_dataset_final.Manga109.psnr,26.103655383528455,jobs/sr/swinir_with_li_seed42/attempt_001/swinir_with_li/result.json
sr/swinir_with_li_seed42,sr,swinir_with_li,42,per_dataset_final.Manga109.ssim,0.7834141600878315,jobs/sr/swinir_with_li_seed42/attempt_001/swinir_with_li/result.json
sr/swinir_with_li_seed42,sr,swinir_with_li,42,per_dataset_final.Manga109.stitched_psnr,22.689294517587083,jobs/sr/swinir_with_li_seed42/attempt_001/swinir_with_li/result.json
sr/swinir_with_li_seed42,sr,swinir_with_li,42,per_dataset_final.Manga109.stitched_ssim,0.7359677227812076,jobs/sr/swinir_with_li_seed42/attempt_001/swinir_with_li/result.json
sr/swinir_wo_li_seed43,sr,swinir_wo_li,43,per_dataset_best.Set5.psnr,24.880509794326056,jobs/sr/swinir_wo_li_seed43/attempt_001/swinir_wo_li/result.json
sr/swinir_wo_li_seed43,sr,swinir_wo_li,43,per_dataset_best.Set5.ssim,0.7022163252035777,jobs/sr/swinir_wo_li_seed43/attempt_001/swinir_wo_li/result.json
sr/swinir_wo_li_seed43,sr,swinir_wo_li,43,per_dataset_best.Set5.stitched_psnr,22.130556869506837,jobs/sr/swinir_wo_li_seed43/attempt_001/swinir_wo_li/result.json
sr/swinir_wo_li_seed43,sr,swinir_wo_li,43,per_dataset_best.Set5.stitched_ssim,0.6208809196949006,jobs/sr/swinir_wo_li_seed43/attempt_001/swinir_wo_li/result.json
sr/swinir_wo_li_seed43,sr,swinir_wo_li,43,per_dataset_best.Set14.psnr,23.353192442191574,jobs/sr/swinir_wo_li_seed43/attempt_001/swinir_wo_li/result.json
sr/swinir_wo_li_seed43,sr,swinir_wo_li,43,per_dataset_best.Set14.ssim,0.6126480717100427,jobs/sr/swinir_wo_li_seed43/attempt_001/swinir_wo_li/result.json
sr/swinir_wo_li_seed43,sr,swinir_wo_li,43,per_dataset_best.Set14.stitched_psnr,21.004920414515905,jobs/sr/swinir_wo_li_seed43/attempt_001/swinir_wo_li/result.json
sr/swinir_wo_li_seed43,sr,swinir_wo_li,43,per_dataset_best.Set14.stitched_ssim,0.5236942023038864,jobs/sr/swinir_wo_li_seed43/attempt_001/swinir_wo_li/result.json
sr/swinir_wo_li_seed43,sr,swinir_wo_li,43,per_dataset_best.BSD100.psnr,23.458745851516724,jobs/sr/swinir_wo_li_seed43/attempt_001/swinir_wo_li/result.json
sr/swinir_wo_li_seed43,sr,swinir_wo_li,43,per_dataset_best.BSD100.ssim,0.5638776818556445,jobs/sr/swinir_wo_li_seed43/attempt_001/swinir_wo_li/result.json
sr/swinir_wo_li_seed43,sr,swinir_wo_li,43,per_dataset_best.BSD100.stitched_psnr,21.448271217346193,jobs/sr/swinir_wo_li_seed43/attempt_001/swinir_wo_li/result.json
sr/swinir_wo_li_seed43,sr,swinir_wo_li,43,per_dataset_best.BSD100.stitched_ssim,0.49362783387303355,jobs/sr/swinir_wo_li_seed43/attempt_001/swinir_wo_li/result.json
sr/swinir_wo_li_seed43,sr,swinir_wo_li,43,per_dataset_best.Urban100.psnr,22.376941085967424,jobs/sr/swinir_wo_li_seed43/attempt_001/swinir_wo_li/result.json
sr/swinir_wo_li_seed43,sr,swinir_wo_li,43,per_dataset_best.Urban100.ssim,0.5698452582397293,jobs/sr/swinir_wo_li_seed43/attempt_001/swinir_wo_li/result.json
sr/swinir_wo_li_seed43,sr,swinir_wo_li,43,per_dataset_best.Urban100.stitched_psnr,19.15655321121216,jobs/sr/swinir_wo_li_seed43/attempt_001/swinir_wo_li/result.json
sr/swinir_wo_li_seed43,sr,swinir_wo_li,43,per_dataset_best.Urban100.stitched_ssim,0.49730980917811396,jobs/sr/swinir_wo_li_seed43/attempt_001/swinir_wo_li/result.json
sr/swinir_wo_li_seed43,sr,swinir_wo_li,43,per_dataset_best.Manga109.psnr,24.582169230492283,jobs/sr/swinir_wo_li_seed43/attempt_001/swinir_wo_li/result.json
sr/swinir_wo_li_seed43,sr,swinir_wo_li,43,per_dataset_best.Manga109.ssim,0.7066538399678177,jobs/sr/swinir_wo_li_seed43/attempt_001/swinir_wo_li/result.json
sr/swinir_wo_li_seed43,sr,swinir_wo_li,43,per_dataset_best.Manga109.stitched_psnr,20.35558562322494,jobs/sr/swinir_wo_li_seed43/attempt_001/swinir_wo_li/result.json
sr/swinir_wo_li_seed43,sr,swinir_wo_li,43,per_dataset_best.Manga109.stitched_ssim,0.6429898637697238,jobs/sr/swinir_wo_li_seed43/attempt_001/swinir_wo_li/result.json
sr/swinir_wo_li_seed43,sr,swinir_wo_li,43,per_dataset_final.Set5.psnr,24.880509794326056,jobs/sr/swinir_wo_li_seed43/attempt_001/swinir_wo_li/result.json
sr/swinir_wo_li_seed43,sr,swinir_wo_li,43,per_dataset_final.Set5.ssim,0.7022163252035777,jobs/sr/swinir_wo_li_seed43/attempt_001/swinir_wo_li/result.json
sr/swinir_wo_li_seed43,sr,swinir_wo_li,43,per_dataset_final.Set5.stitched_psnr,22.130556869506837,jobs/sr/swinir_wo_li_seed43/attempt_001/swinir_wo_li/result.json
sr/swinir_wo_li_seed43,sr,swinir_wo_li,43,per_dataset_final.Set5.stitched_ssim,0.6208809196949006,jobs/sr/swinir_wo_li_seed43/attempt_001/swinir_wo_li/result.json
sr/swinir_wo_li_seed43,sr,swinir_wo_li,43,per_dataset_final.Set14.psnr,23.353192442191574,jobs/sr/swinir_wo_li_seed43/attempt_001/swinir_wo_li/result.json
sr/swinir_wo_li_seed43,sr,swinir_wo_li,43,per_dataset_final.Set14.ssim,0.6126480717100427,jobs/sr/swinir_wo_li_seed43/attempt_001/swinir_wo_li/result.json
sr/swinir_wo_li_seed43,sr,swinir_wo_li,43,per_dataset_final.Set14.stitched_psnr,21.004920414515905,jobs/sr/swinir_wo_li_seed43/attempt_001/swinir_wo_li/result.json
sr/swinir_wo_li_seed43,sr,swinir_wo_li,43,per_dataset_final.Set14.stitched_ssim,0.5236942023038864,jobs/sr/swinir_wo_li_seed43/attempt_001/swinir_wo_li/result.json
sr/swinir_wo_li_seed43,sr,swinir_wo_li,43,per_dataset_final.BSD100.psnr,23.458745851516724,jobs/sr/swinir_wo_li_seed43/attempt_001/swinir_wo_li/result.json
sr/swinir_wo_li_seed43,sr,swinir_wo_li,43,per_dataset_final.BSD100.ssim,0.5638776818556445,jobs/sr/swinir_wo_li_seed43/attempt_001/swinir_wo_li/result.json
sr/swinir_wo_li_seed43,sr,swinir_wo_li,43,per_dataset_final.BSD100.stitched_psnr,21.448271217346193,jobs/sr/swinir_wo_li_seed43/attempt_001/swinir_wo_li/result.json
sr/swinir_wo_li_seed43,sr,swinir_wo_li,43,per_dataset_final.BSD100.stitched_ssim,0.49362783387303355,jobs/sr/swinir_wo_li_seed43/attempt_001/swinir_wo_li/result.json
sr/swinir_wo_li_seed43,sr,swinir_wo_li,43,per_dataset_final.Urban100.psnr,22.376941085967424,jobs/sr/swinir_wo_li_seed43/attempt_001/swinir_wo_li/result.json
sr/swinir_wo_li_seed43,sr,swinir_wo_li,43,per_dataset_final.Urban100.ssim,0.5698452582397293,jobs/sr/swinir_wo_li_seed43/attempt_001/swinir_wo_li/result.json
sr/swinir_wo_li_seed43,sr,swinir_wo_li,43,per_dataset_final.Urban100.stitched_psnr,19.15655321121216,jobs/sr/swinir_wo_li_seed43/attempt_001/swinir_wo_li/result.json
sr/swinir_wo_li_seed43,sr,swinir_wo_li,43,per_dataset_final.Urban100.stitched_ssim,0.49730980917811396,jobs/sr/swinir_wo_li_seed43/attempt_001/swinir_wo_li/result.json
sr/swinir_wo_li_seed43,sr,swinir_wo_li,43,per_dataset_final.Manga109.psnr,24.582169230492283,jobs/sr/swinir_wo_li_seed43/attempt_001/swinir_wo_li/result.json
sr/swinir_wo_li_seed43,sr,swinir_wo_li,43,per_dataset_final.Manga109.ssim,0.7066538399678177,jobs/sr/swinir_wo_li_seed43/attempt_001/swinir_wo_li/result.json
sr/swinir_wo_li_seed43,sr,swinir_wo_li,43,per_dataset_final.Manga109.stitched_psnr,20.35558562322494,jobs/sr/swinir_wo_li_seed43/attempt_001/swinir_wo_li/result.json
sr/swinir_wo_li_seed43,sr,swinir_wo_li,43,per_dataset_final.Manga109.stitched_ssim,0.6429898637697238,jobs/sr/swinir_wo_li_seed43/attempt_001/swinir_wo_li/result.json
